company,ac_favorite,ac_forward,ac_twenum,en_favorite_before,en_forward_before,en_twenum_before,en_favorite_after,en_forward_after,en_twenum_after,favorite_before,forward_before,twenum_before,favorite_after,forward_after,twenum_after,en_favorite,en_forward,en_twenum,favorite,forward,twenum,acc.owner,founded_on_year,seed_year,teamsize,co,total_funding_usd
overinteractive-media,9,0,302,6,0,553,4,2,48,0,0,7,5,0,18,-2,2,-505,5,0,17,bootup-labs,2008,2009,1,8,138533
protoexchange,307,383,136,42,70,362,11,20,16,42,70,362,9,47,16,-31,-50,-346,-33,-23,7,techstars,2012,2013,2,489,133000
zootrock,9877,9787,655,90,44,334,36,5,50,31,11,138,36,-4,104,-54,-39,-284,5,-15,74,500-startups,2013,2014,1,267,110000
travelatus,240,476,821,59,30,286,14,4,64,4,4,46,6,-1,1,-45,-26,-222,2,-5,1,startupyard,2011,2013,2,22,10000
edoome,5,11,7,1,10.66666667,141.3333333,1.666666667,2,12.33333333,1,8,11,4,6,3,0.666666667,-8,-129,3,-2,3,imagine-k12,2012,2012,3,66,200000
fashion-metric,8739,7925,2082,230,59,120,10,0,0,25,11,9,0,11,0,-220,-59,-120,-25,0,0,techstars,2012,2014,1,489,1418000
formisimo,1103,1619,536,131,64,215.5,119,54,97,42,31,84,115,32,121,-12,-10,-118.5,73,1,12,seedcamp,2013,2014,2,118,1172451
meddik,66,281,422,1,3,151,17,39,39,2,5,5,4,28,0,16,36,-112,2,23,0,blueprint-health-accelerator,2012,2012,1,39,750000
studysoup,16886,16451,1127,31,11,110,15,0,0,15,8,35,8,5,0,-16,-11,-110,-7,-3,0,500-startups,2012,2014,1,267,100000
clarify-inc,7559,6998,1994,64.5,59,109,10,0,0,2,7,5,7,-17,0,-54.5,-59,-109,5,-24,0,techstars,2014,2014,2,489,1315000
lockerdome,0,22,100,0,9,148,5,7,40.66666667,0,0,0,15,0,109,5,-2,-107.3333333,15,0,99,capital-innovators,2008,2011,4,40,18093000
openera,212,1644,1295,22.5,19.5,145.5,14,8,45.5,0,23,39,11,23,36,-8.5,-12,-100,11,0,29,founderfuel,2011,2012,3,37,250000
sendwithus,11392,12874,1848,81.66666667,61.66666667,140,62.33333334,14,40.33333333,40,58,118,30,58,28,-19.33333333,-48,-99.66666667,-10,0,4,y-combinator,2013,2014,3,747,2300000
sendwithus,11392,12874,1848,81.66666667,61.66666667,140,65.33333334,14,40.33333333,40,58,118,30,40,28,-16.33333333,-48,-99.66666667,-10,-18,4,y-combinator,2013,2014,3,747,2300000
cortex,4,13,12,12,14,99,5,1,4,5,7,64,3,6,6,-7,-13,-95,-2,-1,5,i-o-ventures,2010,2011,2,16,0
lumoid,3005,3706,538,27.5,36,110,22,7,22,0,0,0,5,-10,50,-5.5,-30,-88,5,-10,46,y-combinator,2013,2013,2,747,0
hively,3,18,55,1,5,151,1,5,64,0,4,31,8,6,47,0,0,-87,8,2,45,portland-seed-fund,2011,2011,1,23,25000
ranku,2576,2830,1139,79.5,35,106,30.5,9,27,9,11,17,2,4,0,-49,-26,-79,-7,-7,0,techstars,,,2,489,1400000
bizpora,117,1021,575,24,43,130,12,1,56,24,43,130,14,43,56,-12,-42,-74,-10,0,47,ignite-accelerator,2012,2013,1,30,40000
fluency,118,557,451,30,37,116,28,16,43,0,0,0,38,-2,52,-2,-22,-73,38,-2,16,bethnal-green-ventures,2013,2013,2,33,207358
keego,2771,2387,2371,60,25,73,6,0,0,3,2,3,0,-11,0,-54,-25,-73,-3,-13,0,the-brandery,2014,2014,1,44,20000
quotadeck-com-odesk-elance-for-salespeople,8940,8079,2102,128,22,73,11,0,0,16,5,11,6,3,0,-117,-22,-73,-10,-2,0,techstars,2014,2014,1,489,0
pixel-press,155,436,889,21.75,26.25,87.25,8.75,4,18.25,67,307,225,54,307,44,-13,-22,-69,-13,0,-9,capital-innovators,2013,,4,40,932150
bawte,7082,6631,1951,82,19,68,9,0,0,6,3,14,5,2,0,-73,-19,-68,-1,-1,0,techstars,2011,2014,1,489,220000
prevoty,235,510,500,32,19,80,16,8,16,0,0,0,7,2,19,-16,-11,-64,7,2,14,launchpadla,2013,2013,2,26,11127000
wemontage,195,523,513,16,18,108,18,6,49,0,0,0,117,0,364,2,-12,-59,117,0,249,gener8tor,2012,2013,2,28,410000
99dresses,1634,2099,347,2,9,77,9,17,18,4,17,73,3,27,3,7,8,-59,-1,10,3,y-combinator,2010,2012,1,747,105651
yogatrail,13733,13502,905,116,83,157,170,181,98,116,83,157,315,119,193,54,98,-59,199,36,-119,500-startups,2012,2014,2,267,640000
icracked,1655,2142,351,2,5.5,67,8,4,9,3,9,120,11,17,9,6,-2,-58,8,8,5,y-combinator,2010,2012,2,747,0
jukely,905,1061,476,156.3333333,109.6666667,235.3333333,235.75,84,178.25,40,126,88,847,117,90,79.41666667,-26,-57.08333333,807,-9,-749,techstars,2012,2013,4,489,3300000
collegezen,157,1335,1307,3,8,108,14,2,53,1,6,38,6,6,0,11,-6,-55,5,0,0,alphalab,2012,2012,1,66,25000
impraise,10028,9992,1234,22,7,53,12,0,0,1,1,4,8,1,0,-10,-7,-53,7,0,0,y-combinator,2014,2014,3,747,120000
tray,53,204,58,5,8.333333333,91.33333333,8.333333333,3,38.33333333,2,4,61,7,4,0,3.333333333,-6,-53,5,0,0,angelpad,2012,2012,3,98,2199999
meldium,3985,4782,701,8.5,14.5,61.5,8.5,1,8.5,23,44,40,6,44,12,0,-14,-53,-17,0,10,y-combinator,2012,2013,3,747,1000000
smart-host,14459,12292,2602,53,13,49.5,13,0,0,10,5,6,4,3,0,-40,-13,-49.5,-6,-2,0,techstars,2014,2015,2,489,0
aire,6094,5954,1866,25,25,66,30,0,17,23,7,46,30,7,39,5,-25,-49,7,0,11,techstars,2014,2014,1,489,1400000
knodium,161,806,1065,0,6,66,5,11,19,0,0,0,3,0,1,5,5,-47,3,0,1,springboard,2012,2012,1,32,270000
chroma-games,8354,7552,2058,53,8,46.5,9,0,0,4,0,3,3,-3,0,-44,-8,-46.5,-1,-3,0,techstars,2013,2014,2,489,0
whimseybox,139,714,379,6,6,117,8,2,71,0,0,0,9,0,40,2,-4,-46,9,0,35,excelerate-labs-2,2011,2012,1,30,75000
weaverlabs,696,879,869,3.5,5.5,46,2,0,0,0,0,2,8,5,0,-1.5,-6,-46,8,5,0,amplify-la,2013,2014,3,31,100000
enhatch,78,348,483,1,4,91,10,0,46,0,2,6,7,2,0,9,-4,-45,7,0,0,blueprint-health-accelerator,2012,2012,4,39,250000
concert-window,3842,4195,1552,31,16,74,73,54,30,31,16,74,67,30,30,42,38,-44,36,14,-35,techstars,2010,2014,1,489,415000
tapfame,25,115,144,1,1.5,59,3.5,1,15.5,0,0,0,1,7,9,2.5,-1,-43.5,1,7,9,er-accelerator,,,2,20,25000
olapic,0,0,5,2.666666667,19.66666667,83,6,2,41,0,5,20,3,-1,10,3.333333333,-17,-42,3,-6,10,nyc-seedstart,2010,2011,3,21,6000000
lessonwriter,112,598,535,0,1,42,5,0,1,1,0,8,2,0,0,5,-1,-41,1,0,0,betaspring,2008,2012,2,71,50000
gruvit,138,290,483,1,5,85,5,0,44,3,8,50,5,11,2,4,-5,-41,2,3,0,eleven,2013,2013,2,51,33174
spoil,15448,14689,1526,6,4,40.66666667,14,0,0,6,6,39,6,12,0,8,-4,-40.66666667,0,6,0,y-combinator,2014,2015,3,747,120000
thumbs-up,112,598,535,2,8,46,3,0,6,0,0,6,3,6,0,1,-8,-40,3,6,0,betaspring,2011,2012,1,71,50000
atticous,43,504,944,1.5,5,125.5,4,5,86,0,3,3,5,8,0,2.5,0,-39.5,5,5,0,tech-wildcatters,2011,2012,2,26,25000
sqrl,1401,1421,1744,37,4,65,25,6,26,15,22,68,47,32,112,-12,2,-39,32,10,67,the-brandery,2013,2014,1,44,550000
onename,10028,9992,1234,42,13.33333333,38.66666667,11,0,0,2,1,1,4,-2,0,-31,-13,-38.66666667,2,-3,0,y-combinator,2014,2014,3,747,1620000
stiqrd,1,35,88,0,3,47,1,1,9,3,21,118,5,27,124,1,-2,-38,2,6,123,seed-hatchery,,,3,18,15000
factor-io,820,1001,446,31,10,51,8,2,13,21,35,39,4,34,4,-23,-8,-38,-17,-1,3,techstars,2012,2013,1,489,145000
brightfunnel,0,1,3,10,3.5,72.5,12,3,35,0,0,0,10,9,4,2,-1,-37.5,10,9,1,alchemist-accelerator,2012,2013,3,90,3198000
material-mix,8,74,366,1,1,88,5,2,51,0,5,8,5,14,40,4,1,-37,5,9,37,capital-innovators,2011,2012,2,40,140000
shout-app,10028,9992,1234,30,3,37,12,0,0,79,21,62,5,25,0,-18,-3,-37,-74,4,0,y-combinator,2013,2014,1,747,120000
socialcrunch,425,549,238,29,6,78,15,4,41,154,439,404,21,445,88,-14,-2,-37,-133,6,68,techstars,2012,2013,2,489,0
hullabalu,441,569,256,29,8,69,48,7,33,2,1,5,17,4,6,19,-1,-36,15,3,-8,techstars,2012,2013,3,489,3950000
appaddictive,73,311,381,0,0,36,1,1,1,0,0,33,2,0,16,1,1,-35,2,0,15,dreamit-ventures,2011,2011,2,139,1200000
keeprecipes,70,281,362,0,6,80,6,4,45,0,1,16,8,7,14,6,-2,-35,8,6,14,dreamit-ventures,2011,2011,1,139,0
42floors,1140,1328,263,3.25,6,45,2.8,4,10,1,3,1,4,12,6,-0.45,-2,-35,3,9,5,y-combinator,2011,2011,7,747,17400000
tinybeans,258,910,1091,13,5,35,2,0,0,3,4,7,1,4,0,-11,-5,-35,-2,0,0,pushstart,2012,2014,2,8,1751957
atlas-powered,97,307,401,0,7,37,4,0,3,0,7,37,1,9,3,4,-7,-34,1,2,3,launchpadla,2011,2012,1,26,700000
pictorious,25,115,144,3,5,45,2,1,11.5,0,3,2,3,3,5,-1,-5,-33.5,3,0,2,er-accelerator,2011,2012,2,20,25000
audioname,3,18,54,2,10,42,5,3,10,4,15,155,9,14,13,3,-7,-32,5,-1,12,portland-seed-fund,2011,2011,1,23,85000
comvibe,56,539,713,2,3,45,3,1,14,0,0,1,0,0,0,1,-2,-31,0,0,0,alphalab,2011,2011,1,66,25000
doordash,3005,3706,538,4,12,36,12,11,5,0,0,0,12,7,14,8,-1,-31,12,7,4,y-combinator,2013,2013,1,747,19700000
slidebean,196,1047,1023,7,7.5,55.5,18.33333333,9,24.66666667,0,0,0,12,4,34,11.33333333,1,-30.83333333,12,4,23,dreamit-ventures,2013,2013,3,139,200000
adyapper-com,1688,1863,805,95.66666667,78,176,207,102,145.6666667,2,0,5,11,0,10,111.3333333,24,-30.33333333,9,0,5,techstars,2010,2013,5,489,2200000
ginzametrics,62,78,39,0,1,53,8,14,23,0,0,16,1,7,16,8,13,-30,1,7,15,y-combinator,2010,2010,2,747,1714000
pocket-tales,26,110,175,1,2,43.5,2,4,13.5,2,3,22,8,3,2,1,2,-30,6,0,2,dreamit-ventures,2009,2010,2,139,0
wideo,14961,14655,1003,37,44,33,61,15,4,15,9,83,28,-1,40,24,-29,-29,13,-10,19,500-startups,2012,2014,1,267,460000
audience-fm,62,230,62,5,4,38,5,0,9.5,0,0,1,4,4,0,0,-4,-28.5,4,4,0,angelpad,2013,2013,3,98,0
the-backscratchers,163,818,1087,2,5,43,10,2,15,0,0,1,10,4,2,8,-3,-28,10,4,0,springboard,2012,2012,1,32,23911
augment,88,558,300,7,14,42,7,12,14,7,14,42,5,14,14,0,-2,-28,-2,0,12,le-camping,2011,2013,4,48,1800000
mammoth,102,304,81,33.66666667,5.666666667,27.33333333,3,0,0,90,27,91,2,25,0,-30.66666667,-6,-27.33333333,-88,-2,0,angelpad,2014,2015,3,98,0
mineful,35,333,760,0.5,1.5,45,3,0,18,0,7,13,9,7,15,2.5,-2,-27,9,0,12,tech-wildcatters,2009,2011,2,26,25000
dialective,93,746,957,4,26,32,9,9,5,4,26,32,11,21,5,5,-17,-27,7,-5,0,oxygen-accelerator,2013,2013,2,24,129454
screwpulp-publishing,63,425,562,14,17.5,84,14.5,10,57.5,7,18,58,20,24,56,0.5,-8,-26.5,13,6,40,seed-hatchery,2013,2013,3,18,345000
turnstyle-analytics,436,879,1547,6,5,45,5,0,19,5,12,34,36,11,19,-1,-5,-26,31,-1,-16,jolt,2012,2014,1,17,2335703
backpack,10028,9992,1234,12,2,26,11,0,0,12,2,26,2,10,0,-1,-2,-26,-10,8,0,y-combinator,2014,2014,1,747,120000
cloudbot,19,41,10,0,5,28.5,4,1,3,0,7,31,7,5,0,4,-4,-25.5,7,-2,0,angelpad,2010,2011,3,98,1220000
intelclinic,45,336,698,7,1,51,29,6,26,0,0,0,16,6,18,22,5,-25,16,6,9,gammarebels,2013,2013,2,14,508573
shuttercal,246,1380,1274,4,2,68.5,13,11,43.5,4,2,98,10,2,42,9,9,-25,6,0,38,betaspring,2013,2013,2,71,52000
iptvbeat,834,1011,452,17,17,30,10.5,4,5.5,0,7,21,7,7,17,-6.5,-14,-24.5,7,0,14,techstars,2013,2013,2,489,2370000
hull,320,296,120,11,8.666666667,48.33333333,12,5,24,12,30,48,16,29,52,1,-4,-24.33333333,4,-1,36,techstars,2013,2013,6,489,0
hull,320,296,120,11,8.666666667,48.33333333,10,5,24,12,30,48,23,32,52,-1,-4,-24.33333333,11,2,36,techstars,2013,2013,6,489,0
retention-science,105,277,175,40,11,73.5,25,18,49.5,76,17,95,18,22,35,-15,7,-24,-58,5,23,muckercapital,2011,2013,2,27,9500000
wappzapp,169,251,525,4.5,8,35.5,7.5,2,12,1,9,31,14,9,71,3,-7,-23.5,13,0,57,startup-wise-guys,2011,2013,2,24,650000
now-in-store,319,2122,1618,14,6,65,33,8,42,0,0,0,19,4,16,19,2,-23,19,4,5,founderfuel,2013,2013,1,37,49342
memsql,1049,1218,244,5.666666667,10,126.3333333,16,26,103.3333333,0,0,0,10,17,8,10.33333333,16,-23,10,17,6,y-combinator,2011,2011,6,747,45000000
partpic,11,14,26,21.5,12.5,23,2,0,0,0,0,1,6,0,0,-19.5,-13,-23,6,0,0,nyc-seedstart,2013,2014,2,21,0
reclip-it,30,100,300,1,1,26,4,0,4,0,0,0,4,5,112,3,-1,-22,4,5,109,launchbox-digital,2012,2011,1,24,840000
the-fridge,200,254,93,0,1,51,5,1,29,0,1,1,5,8,91,5,0,-22,5,7,86,y-combinator,2010,2010,1,747,0
craftcoffee,1140,1328,263,0,6,31,3,0,9,0,2,16,32,2,185,3,-6,-22,32,0,155,y-combinator,2010,2011,1,747,320000
stylyt,35,162,192,0.5,1.5,35.5,5.5,0,13.5,6,19,10,8,19,27,5,-2,-22,2,0,24,er-accelerator,2011,2012,2,20,0
naytev,10028,9992,1234,11,9,21.66666667,9,0,0,3,8,12,8,5,0,-2,-9,-21.66666667,5,-3,0,y-combinator,2014,2014,4,747,120000
triple-lift,25,118,146,0,2.5,33.5,1.5,3,12,0,0,0,15,1,47,1.5,0,-21.5,15,1,38,er-accelerator,2012,2012,4,20,6125000
chute,1061,1238,247,1.5,7.5,67,8,7,46.33333333,0,6,14,8,6,11,6.5,-1,-20.66666667,8,0,10,y-combinator,2011,2011,3,747,12719997
scholrly,196,1219,1140,3,16,24,6.5,2,3.5,1,15,27,7,15,1,3.5,-14,-20.5,6,0,1,betaspring,2011,2012,2,71,50000
tradesy,92,293,392,1,4,22,6,1,2,0,0,1,12,0,52,5,-3,-20,12,0,41,launchpadla,2012,2012,1,26,44500000
humanapi,102,304,81,19,4,20,3,0,0,0,0,1,1,2,0,-16,-4,-20,1,2,0,angelpad,2013,2015,2,98,6624982
col-tris,11047,9681,2349,14,4,20,11,0,0,1,0,6,8,1,0,-3,-4,-20,7,1,0,techstars,2013,2014,2,489,118000
agentdesks,102,304,81,3,1,20,2,0,0,128,21,186,4,25,0,-1,-1,-20,-124,4,0,angelpad,2014,2015,1,98,0
padlet,1655,2142,351,2,1,22,4.5,1,3,0,1,5,14,8,76,2.5,-1,-19,14,7,70,y-combinator,2008,2012,3,747,720000
keychain-logistics,2802,3432,504,1,1,32,13.5,6,13,0,0,0,10,12,11,12.5,5,-19,10,12,3,y-combinator,2012,2013,2,747,2520000
big-launcher,1129,2823,607,6,9,162,19,9,143,1,2,3,6,2,1,13,0,-19,5,0,1,wayra,2011,2013,1,48,122738
neighbor-ly,10720,10486,706,31,22.2,35.2,23.2,3,16.8,17,18,28,26,18,27,-7.8,-19,-18.4,9,0,5,500-startups,2012,2014,7,267,295000
bonfyre,0,34,249,0,0,22,4,0,4,0,0,0,29,1,212,4,0,-18,29,1,190,capital-innovators,2012,2012,3,40,2980000
sedicii,225,976,1303,5,12,24,3,1,6,2,1,33,11,-4,39,-2,-11,-18,9,-5,30,oxygen-accelerator,2013,2013,1,24,0
jobspotting,130,133,293,12,15,28,10,1,11,0,0,0,6,0,1,-2,-14,-17,6,0,1,axel-springer-plug-and-play-accelerator,2013,2013,2,25,33793
rigetti-computing,8528,8722,1127,52,33,17,10,0,0,0,0,0,10,-7,4,-42,-33,-17,10,-7,0,y-combinator,2013,2014,1,747,0
designlab,1215,1292,590,7,10,55,11,2,38,8,6,10,10,5,6,4,-8,-17,2,-1,1,techstars,2013,2013,1,489,150000
statuspage,3444,4122,609,5.666666667,3.666666667,41,12,4,24.5,13,5,22,10,9,26,6.333333333,0,-16.5,-3,4,20,y-combinator,2013,2013,3,747,100000
lanyrd,1140,1328,263,98.5,191,66.5,47,77,50,31,41,16,39,41,27,-51.5,-114,-16.5,8,0,-6,y-combinator,2011,2011,2,747,1400000
indico-data-solutions,3003,3380,1320,6,1,19,6.333333333,1,2.666666667,0,0,0,18,3,8,0.333333333,0,-16.33333333,18,3,-6,techstars,2013,2014,6,489,3179000
chart-io,114,160,59,1,0,22,1,0,6,0,0,1,6,2,29,0,0,-16,6,2,28,y-combinator,2010,2010,1,747,6770000
vinylmint,0,38,30,1,16,41,7,4,25,1,16,41,8,17,25,6,-12,-16,7,1,21,hatch-norfolk,2011,2012,1,5,10000
captureproof,425,549,238,12,1,27,7,7,11,12,1,27,6,1,11,-5,6,-16,-6,0,6,techstars,2012,2013,1,489,1200000
spotsetter,33,116,38,2.5,2,20.5,5.666666667,1,4.666666667,0,0,0,2,0,1,3.166666667,-1,-15.83333333,2,0,1,angelpad,2011,2012,4,98,1300000
sketchdeck,5696,6437,924,6,6.5,20,8.5,0,4.5,4,1,14,4,2,6,2.5,-7,-15.5,0,1,6,y-combinator,2013,2014,2,747,500000
wedeliver,3151,3532,1353,50,29,61,61.5,21,45.5,27,35,64,35,38,53,11.5,-9,-15.5,8,3,19,techstars,2013,2014,2,489,800000
pathgather,11211,9852,2364,10,3,15,11,0,0,14,15,67,1,22,0,1,-3,-15,-13,7,0,techstars,2012,2014,2,489,1500000
divshot,64,239,335,7.5,18,37,12,9,22,188,63,108,126,64,49,4.5,-9,-15,-62,1,-74,launchpadla,2012,2012,2,26,1180000
watchsend,3619,4352,639,24.5,5.5,28.5,44.5,5,14.5,0,0,0,23,0,11,20,-1,-14,23,0,-4,y-combinator,2013,2013,2,747,0
5minutes,155,775,1036,2,1,44,2,2,31,0,0,0,7,2,3,0,1,-13,7,2,3,springboard,2011,2012,1,32,15873
publet,102,304,81,2,6,13,5,0,0,0,2,4,3,8,0,3,-6,-13,3,6,0,angelpad,2014,2015,1,98,0
fishbrain,18,36,26,5,15,26,24,6,13,0,0,1,19,0,4,19,-9,-13,19,0,-8,seedcamp,2010,2013,1,118,2400000
lawn-love,13293,12678,1432,6,1,13,16,0,0,0,0,5,2,6,0,10,-1,-13,2,6,0,y-combinator,2014,2014,1,747,1900000
sendhub,1733,2267,359,2,5,31,7,4,18,7,21,35,3,21,5,5,-1,-13,-4,0,4,y-combinator,2011,2012,1,747,10000000
strap,2771,2387,2371,15.5,6,13,5,0,0,52,64,26,3,67,0,-10.5,-6,-13,-49,3,0,the-brandery,2014,2014,2,44,1220000
bespoke-post,5,28,67,0.666666667,1,26.66666667,2.333333334,1,14,0,0,0,8,1,20,1.666666667,0,-12.66666667,8,1,19,er-accelerator,2011,2011,3,20,875000
springbot,39,180,126,1,4,16,3.5,4,3.5,0,0,1,19,6,62,2.5,-1,-12.5,19,6,44,flashpoint-at-georgia-tech,2012,2013,2,38,4000000
teespring,1331,1692,296,0,0.5,25.5,7.333333333,2,13.33333333,0,0,0,11,5,58,7.333333333,2,-12.16666667,11,5,49,y-combinator,2011,2012,4,747,56875000
sleep-fm,0,0,3,0,0,64,3,0,52,0,0,0,7,1,1,3,0,-12,7,1,1,dreamit-ventures,2006,2008,1,139,15000
zoomtilt,272,1435,1327,12.5,30,80,57.5,51,68.5,23,49,127,12,49,17,45,21,-11.5,-11,0,8,betaspring,2013,2013,2,71,88000
orchestrate-io,257,738,1001,18,17.2,53.4,39.2,13,42,2,5,7,78,8,56,21.2,-4,-11.4,76,3,-15,pie,2013,2013,5,30,3020000
tidal,0,0,3,0,0,19.5,4.333333333,0,8.333333333,0,0,0,2,9,9,4.333333333,0,-11.16666667,2,9,8,dreamit-ventures,2011,2009,3,139,500000
bugcrowd,75,474,126,7,13,49,19,3,38,0,0,0,113,-3,172,12,-10,-11,113,-3,67,startmate,2012,2012,1,21,7650000
xendo,27,44,54,6,6,24,6,2,13,0,0,18,10,6,11,0,-4,-11,10,6,4,alchemist-accelerator,2013,2014,2,90,28000
lettuce,87,283,387,4,4,22.5,8.5,2,11.5,0,0,1,24,0,23,4.5,-3,-11,24,0,3,launchpadla,2012,2012,3,26,3100000
goodapril,160,148,60,10,2,11,2,0,0,1,0,3,5,4,0,-8,-2,-11,4,4,0,techstars,2012,2013,1,489,118000
specifiedby,703,2457,1269,2,0,16,3,0,5,26,42,97,10,51,19,1,0,-11,-16,9,13,ignite-accelerator,2013,2014,1,30,189406
sproutel,112,598,535,1.333333333,4,17.66666667,1.5,2,7,0,3,13,5,9,14,0.166666667,-3,-10.66666667,5,6,14,betaspring,2012,2012,3,71,278000
filament-labs,1215,1292,590,6,2,14.5,7.5,3,4,6,15,22,20,15,14,1.5,1,-10.5,14,0,-1,techstars,2013,2013,2,489,1155000
carhoots-com,106,777,998,4,2.333333333,21,25.66666667,14,10.66666667,0,0,0,86,10,162,21.66666667,12,-10.33333333,86,10,82,oxygen-accelerator,2012,2013,3,24,240000
pictarine,139,714,379,5,6,100,24,8,90,0,0,4,8,7,6,19,2,-10,8,7,1,excelerate-labs-2,2010,2012,1,30,75000
hirecanvas,102,304,81,7,4,10,3,0,0,0,0,1,3,6,0,-4,-4,-10,3,6,0,angelpad,2014,2015,2,98,0
swipegood,735,912,205,0,1,10,5,0,0,0,6,22,6,6,0,5,-1,-10,6,0,0,y-combinator,2010,2011,1,747,500000
snipsnap-app,113,579,641,0.25,3.75,11.75,2,1,2.5,5,18,18,2,16,36,1.75,-3,-9.25,-3,-2,35,dreamit-ventures,2011,2012,4,139,2845000
saberr,42,110,50,0.5,1,12.5,0.5,1,3.5,1,2,5,2,9,2,0,-1,-9,1,7,1,seedcamp,2013,2013,2,118,1200000
onemorepallet,116,408,896,0,0,10,1,0,1,3,2,34,11,4,17,1,0,-9,8,2,13,uptech-fund,2012,2013,2,8,775000
radpad,183,509,647,12.5,5.5,29.5,24,9,20.5,6,11,22,58,16,100,11.5,4,-9,52,5,46,amplify-la,2013,2013,2,31,3800000
whim-2,14938,14638,998,9,5,9,15,0,0,7,6,34,7,6,0,6,-5,-9,0,0,0,500-startups,2013,2014,1,267,200000
alpinereplay,280,583,729,6,0,12,4,0,3,13,5,94,6,5,2,-2,0,-9,-7,0,2,amplify-la,2010,2014,1,31,2132731
dotcloud,190,243,91,1,4,76.33333333,3.5,7,67.5,0,0,0,60,5,63,2.5,3,-8.833333333,60,5,6,y-combinator,2008,2010,4,747,28679147
blueroof-360,16,186,331,0,0.5,9.5,3,0,1,0,0,5,1,2,1,3,-1,-8.5,1,2,1,boomstartup,2008,2012,2,28,550000
hireart,1219,1481,277,1,2,12,2,0,3.5,0,0,0,10,0,17,1,-2,-8.5,10,0,14,y-combinator,2012,2012,3,747,1400000
happy-inspector,47,288,108,2,3,22.5,7,3,14,1,1,6,7,4,9,5,0,-8.5,6,3,9,startmate,2011,2012,2,21,3676000
checkr,10028,9992,1234,1.5,1,8.5,12,0,0,1,1,6,4,6,0,10.5,-1,-8.5,3,5,0,y-combinator,2014,2014,2,747,9120000
teddy-the-guardian,42,110,50,2.5,0,14.5,8,1,6,4,6,10,5,6,0,5.5,1,-8.5,1,0,0,seedcamp,2013,2013,2,118,400000
carelulu,24770,24211,1522,11,2,8.5,21,0,0,11,11,32,1,11,0,10,-2,-8.5,-10,0,0,500-startups,2013,2014,2,267,1700000
ninja-blocks,99,635,138,7.8,15,19.4,16,14,11.2,7,6,43,4,12,5,8.2,-1,-8.2,-3,6,2,startmate,2012,2013,5,21,2402000
playerize,25,354,385,0,0,10,4,1,2,0,0,3,5,0,150,4,1,-8,5,0,149,founderfuel,2012,2012,1,37,1000000
heykiki,196,1047,1024,0,0,11,4,0,3,0,0,11,6,5,3,4,0,-8,6,5,3,dreamit-ventures,2009,2013,1,139,0
flightfox,1860,2512,378,2,5,20,10,13,12,0,2,3,13,11,23,8,8,-8,13,9,15,y-combinator,2012,2012,1,747,800000
surroundsme,75,117,186,1.333333333,1,13,8,4,5,3,3,3,7,6,0,6.666666667,3,-8,4,3,0,blue-startups,2013,2013,3,10,20000
martmobi-technologies,3003,3380,1320,10,6,22,11,1,14,4,11,14,5,13,5,1,-5,-8,1,2,3,techstars,2013,2014,1,489,251333
shop-theorem,10028,9992,1234,0,0,8,12,0,0,12,3,21,2,6,0,12,0,-8,-10,3,0,y-combinator,2013,2014,1,747,120000
inrentive,14936,12577,2629,4,0,8,16,0,0,18,14,14,8,18,0,12,0,-8,-10,4,0,techstars,2012,2015,1,489,0
doz,20749,20147,1341,9,4.5,8,21,0,0,27,60,47,3,64,0,12,-5,-8,-24,4,0,500-startups,2013,2014,2,267,1500000
venuemob,2,12,14,0.5,1,8.5,3,0,1,2,4,15,4,8,15,2.5,-1,-7.5,2,4,12,melbourne-accelerator-program,2012,2012,2,4,1448741
healthyout,150,590,739,2,3,13,4.333333333,0,5.666666667,6,6,34,13,6,22,2.333333333,-3,-7.333333333,7,0,13,blueprint-health-accelerator,2012,2013,3,39,0
tapviva,26,71,30,0,0,7,2,0,0,0,0,7,1,0,0,2,0,-7,1,0,0,angelpad,2011,2011,1,98,0
telemetryweb,40,264,363,0,0,10,2,0,3,0,2,9,5,2,0,2,0,-7,5,0,0,project-skyway,2010,2011,1,9,0
von-bismark,0,10,1,0,0,30,3,3,23,0,0,0,5,1,51,3,3,-7,5,1,51,flashpoint-at-georgia-tech,2011,2011,1,38,550994
curebit,767,944,212,0,3,9,4,0,2,1,1,11,4,1,0,4,-3,-7,3,0,0,y-combinator,2010,2011,2,747,1200000
zenefits,4056,4840,715,2,1,7,6,0,0,1,0,6,5,2,1,4,-1,-7,4,2,0,y-combinator,2013,2013,2,747,83600000
process-street,102,304,81,2.5,0.5,7,2,0,0,4,0,5,6,0,0,-0.5,-1,-7,2,0,0,angelpad,2014,2015,2,98,0
bitium,163,486,613,1,2,9,4,1,2,7,13,9,10,13,12,3,-2,-7,3,0,7,amplify-la,2012,2013,2,31,8900000
elasticbox,35,148,50,0.666666667,6.666666667,9.666666667,2,4,3,0,8,4,1,12,0,1.333333333,-3,-6.666666667,1,4,0,angelpad,2011,2012,5,98,13600000
meadow,13478,12816,1438,5.5,1.5,6.5,16,0,0,48,29,94,3,29,0,10.5,-2,-6.5,-45,0,0,y-combinator,2014,2014,2,747,120000
iactionable,1,31,15,0,0,7.5,1,0,1.5,0,0,1,0,0,1,1,0,-6,0,0,1,boomstartup,2010,2010,2,28,0
cityspark,16,186,331,0,0,9,4,0,3,0,0,0,6,0,2,4,0,-6,6,0,2,boomstartup,2012,2012,1,28,650000
telesofia-medical,102,392,270,0,10,6,2,0,0,0,10,6,0,7,0,2,-10,-6,0,-3,0,flashpoint-at-georgia-tech,2011,2013,1,38,1000000
telesofia-medical,102,392,270,0,10,6,3,0,0,0,10,6,0,6,0,3,-10,-6,0,-4,0,flashpoint-at-georgia-tech,2011,2013,1,38,1000000
rover,6104,6051,416,0,0,21,9,1,15,0,0,0,5,2,8,9,1,-6,5,2,5,500-startups,2014,2014,2,267,1000000
comprehend-systems,1194,1420,273,0,0,6,2,0,0,0,3,3,8,3,6,2,0,-6,8,0,1,y-combinator,2010,2011,2,747,30600000
vastrm,1219,1481,277,0,0,6,1,0,0,0,0,0,2,3,1,1,0,-6,2,3,1,y-combinator,2010,2012,1,747,1650000
mycustomizer,208,1635,1281,0,3,6,4,0,0,1,11,22,1,13,0,4,-3,-6,0,2,0,founderfuel,2012,2012,2,37,0
guitar-party,1,13,80,1,3.5,31.5,2.5,1,25.5,2,3,13,2,1,0,1.5,-3,-6,0,-2,0,startup-reykjavik,2008,2012,2,20,16500
brand-embassy,485,687,1210,2.5,1,9,6,1,3,2,2,6,4,7,1,3.5,0,-6,2,5,0,startupyard,2011,2014,2,22,1000000
hiptype,2135,2789,430,0,1,8,7,0,2,2,2,10,1,5,0,7,-1,-6,-1,3,0,y-combinator,2012,2012,1,747,0
nurep-inc,877,1343,1140,5,0,6,1,0,0,5,0,6,4,3,0,-4,0,-6,-1,3,0,blueprint-health-accelerator,2012,2015,2,39,1524000
storytime-studios,177,160,66,2,3.5,6,3,0,0,6,0,7,2,1,11,1,-4,-6,-4,1,10,techstars,2012,2013,2,489,500000
grouper-2,1860,2512,378,2,4,24,11,2,18,7,5,83,19,7,92,9,-2,-6,12,2,78,y-combinator,2011,2012,1,747,0
newscastic,195,1036,1020,2,0,6,2,0,0,19,44,32,15,48,8,0,0,-6,-4,4,-5,dreamit-ventures,2013,2013,1,139,342798
fitbark,3786,4154,1538,3.666666667,1.333333333,15.66666667,14,2,10,8,5,34,37,5,35,10.33333333,0,-5.666666667,29,0,-1,techstars,2013,2014,3,489,125000
aftersteps,73,311,381,1.5,5,37.5,3.5,2,32,1,9,39,2,9,1,2,-3,-5.5,1,0,1,dreamit-ventures,2010,2011,4,139,0
casetext,4664,5502,830,1,2,6.5,5,0,1,8,20,15,17,20,6,4,-2,-5.5,9,0,-5,y-combinator,2013,2013,2,747,8800000
blockcypher,2113,1859,1159,14.5,9,5.5,4,0,0,31,24,16,6,29,0,-10.5,-9,-5.5,-25,5,0,boostfunder,2014,2014,2,68,3100000
bloomthat,6610,7308,988,2.5,0,5.5,10,0,0,55,18,95,53,25,65,7.5,0,-5.5,-2,7,13,y-combinator,2013,2014,2,747,2400000
pipedrive,26,71,30,2.8,10.6,16.2,1.25,4,11,1,0,35,2,0,38,-1.55,-7,-5.2,1,0,37,angelpad,2010,2011,8,98,4100000
stray-boots,25,115,144,1,4,14,4.5,0,9,0,5,13,0,5,1,3.5,-4,-5,0,0,1,er-accelerator,2009,2012,2,20,2225000
neoreach,12,27,34,1,0.5,11.5,9.5,6,6.5,0,0,0,52,5,51,8.5,6,-5,52,5,3,alchemist-accelerator,2013,2013,3,90,1800000
hitchedpic,198,1559,1405,2,6,27,17,2,22,0,0,1,6,0,0,15,-4,-5,6,0,0,alphalab,2013,2013,1,66,25000
flightcar,1989,2640,403,1,1,15,14.5,3,10,0,0,0,62,12,62,13.5,2,-5,62,12,7,y-combinator,2012,2012,2,747,19120000
adincon,467,342,574,1,0,5,4,0,0,1,1,6,1,3,0,3,0,-5,0,2,0,axel-springer-plug-and-play-accelerator,2014,2014,1,25,34623
pagelever,1061,1238,247,0,1,10,2,0,5,1,2,31,4,2,36,2,-1,-5,3,0,36,y-combinator,2010,2011,1,747,0
aunt-bertha,0,0,4,2,3,5,0,0,0,2,3,5,1,4,0,-2,-3,-5,-1,1,0,code-for-america-accelerator,2010,2013,1,17,1000000
hirewheel,2771,2387,2371,7,0,5,4,0,0,2,1,1,2,5,0,-3,0,-5,0,4,0,the-brandery,2014,2014,2,44,20000
transparent-financial-services,0,14,7,0,0,8,4.5,0,3,3,7,71,38,7,469,4.5,0,-5,35,0,435,excelerate-labs-2,2009,2010,3,30,1835000
uvize,4978,5034,1738,4,3,9,8.5,2,4,7,6,13,13,9,4,4.5,-1,-5,6,3,-2,techstars,2013,2014,3,489,500000
final,15512,14734,1531,3,0,5,14,0,0,26,4,10,7,4,0,11,0,-5,-19,0,0,y-combinator,2014,2015,1,747,1000000
danceon,579,809,739,10.33333333,11,43.66666667,13.66666666,7,39,0,0,0,1029,9,240,3.333333333,-4,-4.666666667,1029,9,-783,launchpadla,2010,2013,3,26,4000000
yobble,20,53,12,1,5,7,1,2,2.5,1,8,10,8,13,1,0,-4,-4.5,7,5,1,angelpad,2011,2011,3,98,0
staffinsight,287,855,929,5,3.5,7.5,4.5,1,3,4,1,8,5,5,0,-0.5,-3,-4.5,1,4,0,blueprint-health-accelerator,2010,2013,2,39,0
algolia,4664,5502,830,2.5,3.5,10.5,14,5,6,10,22,15,37,31,28,11.5,2,-4.5,27,9,-6,y-combinator,2012,2013,2,747,2822067
webflow,3005,3706,538,2.333333333,2.666666667,20,9,2,15.66666667,1,1,11,32,6,18,6.666666667,-1,-4.333333333,31,5,-7,y-combinator,2012,2013,3,747,1500000
playcanvas,834,1011,452,5.5,10.5,41.5,17.33333333,16,37.33333333,9,21,18,20,30,7,11.83333333,5,-4.166666667,11,9,-5,techstars,2011,2013,3,489,590000
crittercism,19,41,10,0.666666667,2.333333333,21.33333333,5.25,2,17.25,0,9,19,11,14,101,4.583333333,0,-4.083333333,11,5,93,angelpad,2011,2011,5,98,48720000
bitpagos,585,757,569,2.5,3.5,13.5,10.5,3,9.5,0,0,3,8,0,5,8,-1,-4,8,0,-1,boostfunder,2013,2013,2,68,732235
gradeable,12,6,74,9,8,35,21,10,31,0,0,0,143,2,233,12,2,-4,143,2,94,learnlaunchx,2011,2013,1,14,18000
dailypath,36,198,355,0,0,7,4,0,3,0,0,1,8,3,11,4,0,-4,8,3,11,pie,2011,2011,2,30,0
orderahead,767,944,212,1,0,4,4,0,0,0,0,0,6,0,9,3,0,-4,6,0,9,y-combinator,2011,2011,1,747,2500000
newsup,33,102,150,1,1,4,2,0,0,1,0,2,6,5,0,1,-1,-4,5,5,0,acceleratebaltimore,2012,2014,2,4,500000
the-vetted-net,1215,1292,590,1,1,6,3,0,2,1,1,6,6,1,2,2,-1,-4,5,0,1,techstars,2013,2013,1,489,0
mapkin,3003,3380,1320,5,3,12,7,0,8,1,1,3,4,0,0,2,-3,-4,3,-1,0,techstars,2012,2014,1,489,1568000
madesolid,5696,6437,924,3.5,2.5,11.5,10,0,7.5,2,1,3,11,0,4,6.5,-3,-4,9,-1,-1,y-combinator,2013,2014,3,747,0
viperks,1528,2079,2526,2,1,4,5,0,0,3,1,1,1,7,0,3,-1,-4,-2,6,0,launchhouse,2012,2015,1,10,400000
konnectagain,2047,3920,1705,3,4,4,3,0,0,6,5,14,7,10,0,0,-4,-4,1,5,0,ignite-accelerator,2013,2015,1,30,24329
socialcam,1738,2270,361,1,2,4,6,0,0,6,43,124,9,43,30,5,-2,-4,3,0,23,y-combinator,2012,2012,1,747,0
branching-minds,5843,5686,1827,1,0,4,6,0,0,17,1,11,4,1,10,5,0,-4,-13,0,7,techstars,2012,2014,1,489,340170
quandora,0,1,6,1,3,4,1,0,0,22,24,7,27,29,49,0,-3,-4,5,5,28,nyc-seedstart,2012,2013,1,21,150000
smart-mocha,228,685,963,3.666666667,5.666666667,13.33333333,7,0,9.5,0,0,0,8,-2,1,3.333333333,-6,-3.833333333,8,-2,-1,pie,2013,2013,3,30,18000
fosbury,1215,1292,590,1.333333333,1.666666667,14.33333333,9.333333333,4,10.66666667,1,6,5,27,6,36,8,3,-3.666666667,26,0,13,techstars,2012,2013,3,489,350000
avuba,1215,1292,590,5,1,14.66666667,12.33333333,5,11,8,4,33,24,4,20,7.333333333,4,-3.666666667,16,0,4,techstars,2013,2013,3,489,569299
blockscore,3619,4352,639,1.5,2,9,5.5,2,5.5,0,0,0,5,6,6,4,-1,-3.5,5,6,3,y-combinator,2013,2013,2,747,2025000
fiestah,699,1546,1542,4,2,12,5,2,8.5,12,9,21,4,15,14,1,-1,-3.5,-8,6,13,dreamit-ventures,2012,2014,3,139,40000
seevibes,36,461,480,2.666666667,13.33333333,43.66666667,9,18,40.33333333,7,15,54,9,20,102,6.333333333,5,-3.333333333,2,5,94,founderfuel,2011,2012,3,37,1200000
paytopia,16,180,377,0,0,3,1,0,0,0,0,6,7,5,0,1,0,-3,7,5,0,seed-hatchery,2012,2012,1,18,15000
simplereach,26,71,30,0,1,3,4,0,0,0,17,10,4,19,6,4,-1,-3,4,2,6,angelpad,2010,2011,1,98,10600000
medsocket,81,339,781,0,0,4.5,1,0,1.5,0,0,0,5,8,21,1,0,-3,5,8,18,capital-innovators,2012,2013,4,40,849000
greentoe,3444,4122,609,0,0.5,5,5,0,2,0,1,9,5,6,0,5,-1,-3,5,5,0,y-combinator,2012,2013,2,747,1195000
rocketrip,3887,4640,684,2.5,7,7.5,6,4,4.5,0,0,0,16,2,16,3.5,-4,-3,16,2,6,y-combinator,2013,2013,2,747,6175000
monkimun,16886,16451,1127,0,0,3,16,0,0,1,3,11,4,10,0,16,0,-3,3,7,0,500-startups,2014,2014,1,267,1100000
heartoday-org,202,772,648,1,0,7,4,1,4,3,7,8,35,11,16,3,1,-3,32,4,-17,bethnal-green-ventures,2013,2014,1,33,90000
bazaart,113,579,641,1,2.5,15,1.666666667,2,12,3,20,123,11,27,88,0.666666667,-1,-3,8,7,80,dreamit-ventures,2012,2012,3,139,125000
badger-maps,12,27,34,0,0,3,0,0,0,6,15,30,4,25,18,0,0,-3,-2,10,15,alchemist-accelerator,2012,2013,1,90,28000
squirrel-2,7637,7063,1998,1,0,3,7,0,0,6,1,10,1,10,0,6,0,-3,-5,9,0,techstars,2014,2014,1,489,1275670
weboo,1609,2006,2240,4,2,3,5,0,0,18,2,30,7,2,0,1,-2,-3,-11,0,0,oxygen-accelerator,2009,2015,1,24,0
bitnami,3005,3706,538,8,13,15,9,7,12,35,53,77,41,60,52,1,-6,-3,6,7,17,y-combinator,2011,2013,1,747,0
imedicare,261,796,897,1.5,3.25,9.75,10,3,7,7,3,39,17,7,27,8.5,0,-2.75,10,4,13,blueprint-health-accelerator,2012,2013,5,39,400000
sensika-technologies,6,45,183,0.5,1,6,3,1,3.5,0,0,0,8,4,7,2.5,-1,-2.5,8,4,6,eleven,2011,2012,3,51,268626
stylect,178,915,1223,4,2,13,12,6,10.5,0,0,0,26,10,108,8,4,-2.5,26,10,83,oxygen-accelerator,2013,2013,2,24,588472
luminate-health,299,869,936,0.5,0,2.5,3,0,0,11,7,9,6,10,0,2.5,0,-2.5,-5,3,0,blueprint-health-accelerator,2012,2013,2,39,1000000
wefunder,2732,3354,494,0,0,2.5,3,0,0,23,7,12,16,15,5,3,0,-2.5,-7,8,-7,y-combinator,2012,2012,2,747,530000
invi,67,257,406,0,1,2,2,0,0,0,1,2,3,7,0,2,-1,-2,3,6,0,upwest-labs,2012,2012,1,17,3000000
ribbon,24,71,25,1,3,22,6,0,20,0,0,14,6,8,0,5,-3,-2,6,8,0,angelpad,2012,2011,1,98,1750000
bidrazor,127,395,846,4,1,2,2,0,0,0,0,4,6,2,0,-2,-1,-2,6,2,0,capital-innovators,2012,2013,1,40,0
juristat,160,441,895,0,0,5,1,0,3,0,5,6,56,11,252,1,0,-2,56,6,197,capital-innovators,2012,2013,2,40,1817000
swing-by-swing,95,295,393,0,1,5,4,0,3,0,8,20,8,8,7,4,-1,-2,8,0,3,launchpadla,2012,2012,1,26,0
wicastr-limited,328,1419,1780,0,0,2,2,0,0,0,0,0,5,4,2,2,0,-2,5,4,2,springboard,2013,2013,1,32,845000
mimoona,196,1047,1024,0,0,2,4,0,0,0,0,0,2,5,2,4,0,-2,2,5,2,dreamit-ventures,2011,2013,2,139,0
kato,160,148,60,1,2,2,3,0,0,0,3,8,6,11,9,2,-2,-2,6,8,7,techstars,2013,2013,1,489,1878000
smile-family,1079,1185,540,4,2,2,4,0,0,0,0,0,118,5,37,0,-2,-2,118,5,-79,techstars,2013,2013,1,489,1206905
swapbox,3005,3706,538,0,1,8.5,7,0,6.5,0,0,8,9,0,21,7,-1,-2,9,0,17,y-combinator,2012,2013,2,747,800000
academize,39,160,51,0,6,3,4,0,1,1,2,2,8,3,0,4,-6,-2,7,1,0,angelpad,2011,2012,1,98,0
preact,185,457,463,2.5,2,7,5.666666667,2,5,2,2,5,9,8,12,3.166666667,0,-2,7,6,10,launchpadla,2012,2013,4,26,4600000
thinknum,16282,15886,1068,0,0,2,16,0,0,2,4,1,3,10,0,16,0,-2,1,6,0,500-startups,2013,2014,2,267,1000000
viacycle,1868,2524,382,0,0,6,5,2,4,2,2,4,12,9,16,5,2,-2,10,7,11,y-combinator,2010,2012,1,747,0
cisimple,62,230,62,0,0,6,6,1,4,4,10,23,6,11,0,6,1,-2,2,1,0,angelpad,2012,2013,1,98,0
truefacet,7082,6631,1952,1.5,2,2,8,0,0,4,6,15,8,12,0,6.5,-2,-2,4,6,0,techstars,2013,2014,2,489,1818000
targetingmantra,20749,20147,1341,1,0,2,20,0,0,5,0,28,0,1,0,19,0,-2,-5,1,0,500-startups,2013,2014,1,267,1100000
minubo,92,212,80,1,0,2,4,0,0,6,14,84,6,14,6,3,0,-2,0,0,5,seedcamp,2013,2013,1,118,2886600
pixate,3887,4640,684,2,0,2,7,0,0,6,4,17,18,11,18,5,0,-2,12,7,0,y-combinator,2012,2013,2,747,3800000
runnable,62,230,62,0,0,4,4,0,2,9,17,4,12,22,30,4,0,-2,3,5,22,angelpad,2012,2013,1,98,2000000
shoppinpal,50,69,79,1,1,4,4,0,2,11,3,17,8,7,1,3,-1,-2,-3,4,1,alchemist-accelerator,2012,2014,2,90,500000
truevault,8251,8567,1108,0,0,2,10,0,0,16,12,16,93,12,51,10,0,-2,77,0,-38,y-combinator,2013,2014,1,747,2500000
buzzstarter-inc,6955,7165,468,5.5,2,3.5,6,0,1.5,23,1,38,0,3,0,0.5,-2,-2,-23,2,0,500-startups,2013,2014,3,267,0
artcorgi,10720,10486,706,1,0,2,12,0,0,89,29,62,34,30,27,11,0,-2,-55,1,-1,500-startups,2013,2014,1,267,200000
apiary,111,532,737,3,9,52.5,11.5,18,51,0,0,2,9,7,39,8.5,9,-1.5,9,7,38,springboard,2011,2011,2,32,1750000
treatspace,157,1335,1307,0,0,4,5,0,2.5,0,6,67,2,11,0,5,0,-1.5,2,5,0,alphalab,2012,2012,2,66,25000
nextstep-io,458,593,259,2,4,25,21.5,14,23.5,0,0,2,25,3,19,19.5,10,-1.5,25,3,-2,techstars,2012,2013,2,489,150000
true-link-financial,3005,3706,538,0,0,3.5,8,1,2,0,0,0,9,0,29,8,1,-1.5,9,0,25,y-combinator,2013,2013,3,747,3400000
splitwise,1057,2309,2079,0,0,1.5,2,0,0,2,0,24,2,0,0,2,0,-1.5,0,0,0,betaspring,2011,2014,3,71,1400000
popp,426,1993,1461,0.5,0.5,1.5,5,0,0,3,11,17,1,11,0,4.5,-1,-1.5,-2,0,0,le-camping,2012,2013,3,48,167258
boomtrain,53,204,58,0.5,0.5,2.5,4,0,1,4,7,27,11,13,25,3.5,-1,-1.5,7,6,19,angelpad,2012,2012,3,98,1966279
crowdcurity,52,75,86,1,0,1.5,1,0,0,46,28,35,5,28,0,0,0,-1.5,-41,0,0,alchemist-accelerator,2013,2014,4,90,1470000
letswombat,25,115,144,0,0,9,3,0,8,0,0,0,10,1,204,3,0,-1,10,1,199,er-accelerator,2012,2012,1,20,25000
cadencemd,24,20,56,0,0,7,5,0,6,0,2,3,8,8,0,5,0,-1,8,6,0,9mile-labs,2012,2013,1,9,55000
sellfy,3,61,111,1,1,9,3,6,8,0,8,14,11,8,16,2,5,-1,11,0,12,startuphighway,2011,2011,2,14,0
fashinating,5,16,37,0,0,1,1,0,0,0,0,4,6,2,19,1,0,-1,6,2,18,openfund,2009,2010,1,8,134101
sense-ly,0,1,3,0,0,1,0,0,0,0,0,1,7,9,0,0,0,-1,7,9,0,alchemist-accelerator,2013,2013,1,90,1278000
band-industries,205,443,625,3,5,10,10,3,9,0,0,0,17,2,8,7,-3,-1,17,2,-2,haxlr8r,2012,2013,2,39,25000
121nexus,99,503,383,0,0,2,2.5,1,1,0,0,1,1,0,1,2.5,1,-1,1,0,1,betaspring,2011,2012,2,71,794000
keona-health,453,1006,1003,0,0,1,1,0,0,0,0,1,8,0,10,1,0,-1,8,0,9,blueprint-health-accelerator,2011,2014,1,39,2525000
grassroots-unwired,91,441,541,0,0,2,5,0,1,0,1,1,4,3,6,5,0,-1,4,2,6,dreamit-ventures,2009,2011,1,139,700000
remoov,14961,14655,1003,0,0,1,15,0,0,0,0,0,7,2,2,15,0,-1,7,2,2,500-startups,2013,2014,2,267,100000
aisle50,1177,1389,267,0,0,2,5,0,1,0,0,1,0,2,2,5,0,-1,0,2,2,y-combinator,2010,2011,1,747,5200000
atlas,1215,1292,590,0,0,1,6,0,0,0,0,0,45,10,103,6,0,-1,45,10,65,techstars,2013,2013,1,489,2189019
screenleap,1475,1855,319,0,0,2,5,0,1,0,0,12,1,0,3,5,0,-1,1,0,3,y-combinator,2011,2012,2,747,0
survata,1868,2524,382,1,2,4,3,0,3,0,0,0,4,4,7,2,-2,-1,4,4,7,y-combinator,2012,2012,1,747,3017000
battlefy,107,353,464,0.333333333,0.666666667,5.666666667,4,0,4.666666667,1,5,57,4,10,2,3.666666667,0,-1,3,5,2,amplify-la,2012,2012,3,31,1500000
schoolmint,295,675,414,2,2,4,4,2,3,1,5,36,31,7,28,2,0,-1,30,2,-1,imagine-k12,2013,2014,1,66,2200000
sensor-tower,62,230,62,0,1,1,2,0,0,1,2,4,81,8,107,2,-1,-1,80,6,32,angelpad,2013,2013,3,98,1000000
clothes-horse,73,311,381,5,8.5,96.5,8.5,16,95.5,1,0,8,1,7,13,3.5,8,-1,0,7,12,dreamit-ventures,2011,2011,3,139,0
birdback,349,1460,1833,0.5,0.5,2,0,0,1,1,7,60,8,13,7,-0.5,-1,-1,7,6,6,springboard,2014,2014,4,32,2400000
mixrank,1194,1420,273,0,2,1,1,0,0,1,0,1,15,0,30,1,-2,-1,14,0,20,y-combinator,2011,2011,1,747,1500000
planana,195,1036,1020,2,2,12,7,1,11,1,0,3,3,3,0,5,-1,-1,2,3,0,dreamit-ventures,2012,2013,2,139,0
beep-2,9139,9214,1174,0,0,1,11,0,0,1,5,2,6,5,0,11,0,-1,5,0,0,y-combinator,2012,2014,1,747,1600000
optyn,122,411,427,0,0,1,0,0,0,2,2,3,55,7,134,0,0,-1,53,5,85,gener8tor,2013,2013,1,28,209250
vetcloud,33,105,288,1,3.5,2.5,3.5,0,1.5,2,7,3,4,13,0,2.5,-4,-1,2,6,0,eleven,2012,2013,3,51,793995
productbio,16886,16451,1127,0,0,1,16,0,0,2,0,2,7,5,0,16,0,-1,5,5,0,500-startups,2012,2014,2,267,100000
gymtrack,36326,34781,1982,1,0,1,32,0,0,2,2,6,8,2,0,31,0,-1,6,0,0,500-startups,2013,2015,2,267,2500000
perfect-audience,2417,3016,474,1,1,7,3,0,6,3,4,10,5,11,4,2,-1,-1,2,7,2,y-combinator,2012,2012,1,747,1100000
lawnstarter,3969,4323,1583,1.5,0.5,8,12,2,7,3,3,9,7,4,2,10.5,1,-1,4,1,2,techstars,2013,2014,2,489,945500
lendsquare,16886,16451,1127,1,0,1,17,0,0,7,8,10,6,10,0,16,0,-1,-1,2,0,500-startups,2011,2014,1,267,100000
snapcard,909,1017,738,1,3,1,3,0,0,8,2,70,8,6,4,2,-3,-1,0,4,4,boostfunder,2013,2013,2,68,1560000
gliph,3,64,97,0,0,5,2,1,4,8,30,45,3,39,18,2,1,-1,-5,9,15,portland-seed-fund,2012,2012,3,23,393000
buttercoin,4298,5094,767,1,1,3,5,5,2,9,23,15,22,23,10,4,4,-1,13,0,-7,y-combinator,2013,2013,1,747,1250000
btcjam,12865,12577,857,0,0,1,14,0,0,12,16,41,48,22,28,14,0,-1,36,6,-13,500-startups,2013,2014,1,267,7300000
big-frame,13,71,173,1.285714286,4.285714286,42.85714286,16.44444445,5,42,0,0,0,106,2,134,15.15873016,1,-0.857142857,106,2,34,launchpadla,2011,2012,9,26,3400000
verbling,841,1014,227,0,0,19,5,1,18.33333333,0,0,0,9,2,17,5,1,-0.666666667,9,2,15,y-combinator,2011,2011,3,747,2720000
himom,2135,2789,430,0,0,5,2.5,0,4.5,0,0,3,4,2,0,2.5,0,-0.5,4,2,0,y-combinator,2012,2012,2,747,0
datarank,3005,3706,538,1,2,3,7.5,2,2.5,0,0,1,6,0,1,6.5,-1,-0.5,6,0,0,y-combinator,2011,2013,3,747,1400000
crowdasaurus,501,2254,1797,3.5,1,17.5,6.5,4,17,22,17,24,7,21,1,3,3,-0.5,-15,4,-2,alphalab,2013,2013,2,66,25000
yhat,4664,5502,830,0.5,1,14,11,5,13.5,453,91,151,1241,91,123,10.5,4,-0.5,788,0,-1112,y-combinator,2013,2013,2,747,1120000
fundersclub,2471,3077,486,0,0,2,5.75,0,1.75,0,0,0,18,6,13,5.75,0,-0.25,18,6,-3,y-combinator,2012,2012,5,747,6500000
bad-seed-entertainment,12,42,106,0,2.666666667,10,4.5,1,10,0,0,2,9,4,33,4.5,-2,0,9,4,25,gamefounders,2012,2012,4,21,698453
eatstreet,2,89,84,0,0,1,4,1,1,0,0,4,10,0,15,4,1,0,10,0,9,gener8tor,2010,2012,3,28,12125000
shoutnow,1,0,40,1,0,2,1,1,2,0,0,22,2,1,0,0,1,0,2,1,0,shotput-ventures,2008,2009,2,9,20000
arcametrics-systems-inc,5,73,123,0,0,1,3,0,1,0,0,1,7,0,0,3,0,0,7,0,0,the-startup-factory,2008,2012,1,6,540000
iterable,62,230,62,1,0.333333333,4.666666667,4.666666667,0,4.666666667,0,0,0,19,0,45,3.666666667,0,0,19,0,30,angelpad,2013,2013,3,98,1200000
priceonomics,1194,1420,273,0,0,2,6,0,2,0,0,1,8,2,5,6,0,0,8,2,0,y-combinator,2011,2011,1,747,1670000
skaffl,221,278,555,0,0,5,3,0,5,2,0,2,6,0,14,3,0,0,4,0,9,learnlaunchx,2012,2014,2,14,18000
orbeus,294,1122,600,3.5,0.5,5,8,2,5,5,0,9,9,0,5,4.5,2,0,4,0,1,excelerate-labs-2,2012,2014,2,30,1466387
cogo,6263,6088,1886,1,0,5,16.5,2,5,113,90,62,6,90,3,15.5,2,0,-107,0,-2,techstars,2014,2014,2,489,1320000
daisybill,78,348,483,0,0,3,3,3,3.5,0,1,1,5,1,17,3,3,0.5,5,0,15,blueprint-health-accelerator,2012,2012,3,39,0
abacus-labs,5696,6437,924,5,0.5,2.5,11,1,3,1,0,1,11,0,12,6,1,0.5,10,0,9,y-combinator,2013,2014,3,747,3500000
coinbase,2391,2971,468,7,13.33333333,9,16,3,9.5,2,5,27,24,5,12,9,-10,0.5,22,0,-6,y-combinator,2012,2012,3,747,31709590
shopventory,160,148,60,0,0,1,3.333333333,0,1.666666667,0,0,1,25,10,89,3.333333333,0,0.666666667,25,10,66,techstars,2013,2013,3,489,2030000
explorer-io,11,108,210,0,0,0,2,0,1,0,0,15,1,3,20,2,0,1,1,3,20,boomstartup,2011,2011,2,28,0
kismet,19,41,10,0,0.5,7.5,1,1,8.5,0,0,0,1,4,4,1,0,1,1,4,4,angelpad,2011,2011,2,98,770000
publons,220,407,525,2,0,4,2,2,5,0,0,1,16,1,25,0,2,1,16,1,12,lightning-lab,2013,2013,1,9,0
nowait,0,0,39,0,0,0,1,0,1,0,0,0,7,0,1,1,0,1,7,0,0,alphalab,2010,2010,4,66,14105310
futurederm,157,1335,1307,0,0,1,0,0,2,0,0,0,48,5,254,0,0,1,48,5,207,alphalab,2009,2012,2,66,165778
nimbusbase,6,7,19,0,0,0,3,0,1,0,0,0,5,4,1,3,0,1,5,4,1,nyc-seedstart,2012,2013,2,21,275000
kamcord,1868,2524,382,0,0,2,2,0,3,0,0,0,12,1,100,2,0,1,12,1,94,y-combinator,2012,2012,2,747,24770000
tastemaker,2413,3005,473,0,0,2,3,0,3,0,0,0,3,7,21,3,0,1,3,7,21,y-combinator,2012,2012,2,747,2920985
lernstift,154,433,87,0,0,1,4,0,2,1,2,25,5,2,2,4,0,1,4,0,0,wayra,2012,2013,3,48,1227431
feex,5,8,14,0,0,1,6,1,2,2,2,2,32,2,53,6,1,1,30,0,25,alchemist-accelerator,2012,2013,1,90,9500000
upcounsel,62,230,62,3.666666667,1,15.66666667,7.333333334,3,16.66666667,3,2,37,34,5,107,3.666666667,2,1,31,3,76,angelpad,2012,2013,4,98,4000000
taxibeat,21,163,102,0,0.5,4,8,3,5,26,37,60,13,37,9,8,3,1,-13,0,3,openfund,2011,2013,2,8,6700000
fastfig,195,1036,1020,0,0,0,3,0,1,26,51,146,7,58,5,3,0,1,-19,7,3,dreamit-ventures,2011,2013,1,139,0
splitforce,32,20,67,0,0,3,7,2,4,29,4,61,8,13,0,7,2,1,-21,9,0,chinaccelerator,2013,2014,1,31,300000
pogoseat,62,230,62,2.5,1,2.5,6,1,3.75,18,51,102,72,51,143,3.5,-1,1.25,54,0,78,angelpad,2012,2013,5,98,3360000
abodo,28,183,192,0,1,11.5,8.5,2,13,0,0,1,2,0,3,8.5,1,1.5,2,0,3,gener8tor,2011,2013,3,28,1595000
student-loan-hero,5,21,56,1,1.5,21.5,7,3,23,1,15,22,16,24,45,6,2,1.5,15,9,37,socratic-labs,2012,2012,2,7,65000
whengone,1,6,29,0,0,1,5,0,3,0,0,1,8,4,0,5,0,2,8,4,0,startup-reykjavik,2014,2012,2,20,176000
discoverly,0,1,3,0,2,27,7,0,29,0,0,0,2,0,3,7,-2,2,2,0,3,alchemist-accelerator,2012,2013,2,90,778000
quietyme,28,183,192,0,0,0,3,1,2,0,0,0,3,8,2,3,1,2,3,8,2,gener8tor,2013,2013,1,28,1300000
rovertown,47,309,750,0.5,0.5,4,2,1,6,0,0,0,7,8,35,1.5,0,2,7,8,29,capital-innovators,2009,2013,3,40,1575000
uxcam,4800,4654,306,1,3,9,9,2,11,0,0,0,29,2,23,8,-1,2,29,2,-4,500-startups,2013,2014,1,267,100000
pagerduty,474,522,146,0,0,0,2,0,2,0,0,3,5,0,3,2,0,2,5,0,-1,y-combinator,2009,2010,2,747,39800000
inside-social,1215,1292,590,0,0,0,5.5,0,2,0,0,1,17,0,48,5.5,0,2,17,0,31,techstars,2012,2013,2,489,2245000
trustegg,1423,1794,308,0,0,4,5,2,6,0,0,1,7,5,136,5,2,2,7,5,134,y-combinator,2011,2012,1,747,1150000
checkio,3084,3462,1341,0,1,7,8,0,9,4,17,30,11,23,15,8,-1,2,7,6,7,techstars,2012,2014,1,489,750000
vayable,1194,1420,273,6,23,39.5,24,11,41.5,6,14,60,12,14,131,18,-12,2,6,0,121,y-combinator,2011,2011,3,747,2100000
the-dating-ring,5696,6437,924,2,0,3,7,1,5,19,11,26,17,14,8,5,1,2,-2,3,-1,y-combinator,2013,2014,1,747,0
crowdmed,2028,2670,411,0,0,3.5,8.333333333,3,5.666666667,0,0,0,11,7,16,8.333333333,3,2.166666667,11,7,6,y-combinator,2012,2012,3,747,2380000
circuithub,1634,2099,347,0,0,2,4,1,4.333333333,0,0,0,6,6,4,4,1,2.333333333,6,6,3,y-combinator,2011,2012,3,747,0
notice-software,3957,4751,696,0,0,0,10,0,2.5,0,0,0,9,0,11,10,0,2.5,9,0,3,y-combinator,2009,2013,3,747,830000
adku,6,12,3,0,0,2,2,2,5,0,0,0,2,1,3,2,2,3,2,1,3,angelpad,2010,2010,3,98,1540000
actual-reports,231,314,631,1,0,2,9,0,5,0,1,3,3,3,1,8,0,3,3,2,0,startup-wise-guys,2012,2013,1,24,0
fanbread,380,631,770,0,0,3,7,1,6,0,0,0,8,10,2,7,1,3,8,10,2,amplify-la,2014,2014,1,31,800000
raftout,272,1435,1327,0,0,0,3,1,3,0,0,3,8,0,1,3,1,3,8,0,-1,betaspring,2013,2013,1,71,20000
splashscore,254,1397,1286,1,0,2,2,1,5,0,0,0,18,7,28,1,1,3,18,7,11,betaspring,2012,2013,3,71,3085000
clutch-io,1014,1165,236,2,1,4,4,1,7,0,0,0,6,3,8,2,0,3,6,3,8,y-combinator,2011,2011,2,747,0
gocardless,1370,1733,301,0.5,4.5,21,11,4,24,0,4,90,13,10,71,10.5,-1,3,13,6,64,y-combinator,2011,2012,2,747,11800000
panorama-education,3005,3706,538,0,0,0,5,1,3,0,0,0,2,4,2,5,1,3,2,4,1,y-combinator,2012,2013,3,747,4000000
virool,1840,2482,375,0,0,4,8.5,2,7,1,8,63,13,12,31,8.5,2,3,12,4,24,y-combinator,2012,2012,2,747,6620000
docalytics,122,411,427,0,0,0,3,0,3,2,0,2,43,3,42,3,0,3,41,3,4,gener8tor,2012,2013,2,28,560000
leaky,1061,1238,247,0,0,10,6,0,13,2,3,119,5,3,66,6,0,3,3,0,61,y-combinator,2010,2011,2,747,0
imgfave,2135,2789,430,0,0,0,2,0,3,29,30,26,4,35,4,2,0,3,-25,5,1,y-combinator,2009,2012,1,747,0
apptimize,3619,4352,639,15,2,146,30,6,149.5,0,0,0,33,5,49,15,4,3.5,33,5,19,y-combinator,2013,2013,3,747,6100000
simplelegal,3619,4352,639,1,1,8.5,18,3,12,0,0,0,7,5,4,17,2,3.5,7,5,-2,y-combinator,2013,2013,3,747,0
rocksbox,49,212,146,1,0,4,11.5,3,7.5,15,13,57,33,13,48,10.5,3,3.5,18,0,21,muckercapital,2012,2013,2,27,1500000
classwallet,3450,3814,1435,0.333333333,0.666666667,2.333333333,13,5,6,0,0,0,32,8,88,12.66666667,5,3.666666667,32,8,62,techstars,2014,2014,4,489,1835000
bionanovations,1,1,21,0,0,0,3,0,4,0,0,0,1,7,2,3,0,4,1,7,2,zeroto510,2012,2012,1,6,140000
works-io,240,476,821,0,0,0,3,0,4,0,0,0,7,6,4,3,0,4,7,6,4,startupyard,2013,2013,1,22,10000
drchrono,649,736,191,0,0,0,1,0,4,0,0,0,5,1,56,1,0,4,5,1,55,y-combinator,2009,2011,1,747,6725000
get-myo,2732,3354,494,0,0,6,15,13,10,0,0,1,65,11,45,15,13,4,65,11,-15,y-combinator,2012,2012,1,747,15606990
notorious,348,1293,1332,0,0,1,5.5,1,5,0,0,0,4,7,7,5.5,1,4,4,7,6,dreamit-ventures,2013,2014,3,139,0
secondmic,348,1293,1332,0,0,4.5,5,0,8.5,0,0,8,7,0,1,5,0,4,7,0,-3,dreamit-ventures,2014,2014,2,139,18000
lob,3005,3706,538,0,1,6,11,3,10,0,0,0,41,7,21,11,2,4,41,7,-19,y-combinator,2013,2013,2,747,9400000
jellynote,158,780,490,0,0,2,3.5,1,6,5,7,17,33,10,94,3.5,1,4,28,3,64,le-camping,2012,2013,3,48,70000
humble-bundle,841,1014,227,0,0,0,8,19,4,166,1313,67,207,1333,26,8,19,4,41,20,-179,y-combinator,2010,2011,1,747,4480000
codeeval,4,13,12,0,0,8,4,1,12.5,0,0,8,5,5,24,4,1,4.5,5,5,24,i-o-ventures,2011,2011,2,16,0
shippo,201,279,19,3.5,2,9,16.5,3,13.5,0,1,5,36,1,26,13,1,4.5,36,0,-6,500-startups,2013,2013,2,267,2275000
nunook-interactive,3,5,2,0,0,12,3,0,17,0,0,12,5,1,17,3,0,5,5,1,17,imagine-k12,2009,2011,1,66,0
icnh,23,148,133,1,0,4,3,2,9,0,0,0,6,6,21,2,2,5,6,6,18,bethnal-green-ventures,2012,2012,1,33,0
driblet,309,725,634,0,0,0,5,0,5,0,0,1,12,1,72,5,0,5,12,1,60,gener8tor,2013,2014,1,28,20000
nommunity,43,504,944,0,0,0,3,0,5,0,0,2,3,9,8,3,0,5,3,9,7,tech-wildcatters,2010,2012,1,26,25000
workflowy,200,254,93,1,1,6,3,0,11,0,0,0,13,4,56,2,-1,5,13,4,50,y-combinator,2010,2010,2,747,0
gantto,200,254,93,0,0,3,8,5,8,0,0,0,1,12,1,8,5,5,1,12,1,y-combinator,2010,2010,1,747,0
siasto,1061,1238,247,0,2,46,8,4,51,0,0,0,1,0,75,8,2,5,1,0,74,y-combinator,2012,2011,1,747,750000
parsely,0,0,45,0,0,12,1.5,0,17.5,0,0,0,3,0,3,1.5,0,5.5,3,0,1,dreamit-ventures,2009,2009,4,139,6052753
sqord,425,549,238,1,0.5,6.5,10,3,12,0,0,0,7,10,5,9,3,5.5,7,10,5,techstars,2011,2013,2,489,3218000
goldbely,4566,5376,808,5.5,2,16.5,20.5,9,22,0,0,0,261,6,170,15,7,5.5,261,6,-89,y-combinator,2013,2013,5,747,3000000
noteleaf,649,736,191,0,0,0,5,0,6,0,0,0,3,5,2,5,0,6,3,5,2,y-combinator,2011,2011,1,747,0
shippable,1215,1292,590,7,1,12,10,5,18,0,0,0,54,0,69,3,4,6,54,0,21,techstars,2013,2013,1,489,10050000
two-tap,5696,6437,924,0,0,1,14,2,7,0,0,0,2,5,1,14,2,6,2,5,1,y-combinator,2013,2014,1,747,2700000
liv-blends,509,905,741,5,3,4,2,0,10,5,3,4,2,4,10,-3,-3,6,-3,1,10,gener8tor,2013,2014,1,28,1022000
style-lend,5696,6437,924,2,0,1,11,3,7,13,7,45,39,18,20,9,3,6,26,11,-18,y-combinator,2013,2014,1,747,0
yardsale,1061,1238,247,0,0,10.5,7.5,7,17,0,0,0,2,3,7,7.5,7,6.5,2,3,7,y-combinator,2011,2011,2,747,0
busyflow,4,76,157,0,0,0,3,5,7,0,0,0,17,7,23,3,5,7,17,7,9,gammarebels,2011,2011,1,14,0
synata,0,1,3,0,0,1,5,2,8,0,0,0,49,9,160,5,2,7,49,9,118,alchemist-accelerator,2012,2013,1,90,644000
spothero,169,797,452,0,0,18,10.66666667,7,25,0,0,0,16,8,23,10.66666667,7,7,16,8,12,excelerate-labs-2,2011,2012,3,30,7510000
indinero,114,160,59,1,0,1,2,0,8,0,0,2,7,3,31,1,0,7,7,3,30,y-combinator,2009,2010,1,747,8217000
doublerecall,1401,1760,304,0,1,9,4,3,16,0,2,4,5,8,0,4,2,7,5,6,0,y-combinator,2010,2012,1,747,1600000
project-fixup,425,549,238,0,0,0,3,0,7,0,0,1,44,6,65,3,0,7,44,6,22,techstars,2012,2013,1,489,0
mens-style-lab,309,725,634,0,0,3,5,1,10,12,15,21,36,19,21,5,1,7,24,4,-11,gener8tor,2013,2014,1,28,1870000
moni-technologies,458,593,259,0,0,1,4.333333333,3,8.333333333,0,0,0,18,0,8,4.333333333,3,7.333333333,18,0,-6,techstars,2013,2013,3,489,5120000
testlio,1215,1292,590,1,2,14,18,2,21.33333333,0,0,0,6,4,4,17,0,7.333333333,6,4,-2,techstars,2012,2013,3,489,1213000
vungle,26,71,30,0.25,0.75,18,2.4,3,25.4,3,4,13,7,4,3,2.15,2,7.4,4,0,0,angelpad,2011,2011,7,98,25500000
nmrkt,3392,3772,1420,0,1,2.5,8,2,10,0,2,3,11,4,5,8,1,7.5,11,2,1,techstars,2013,2014,2,489,50000
minuum,6610,7308,988,3,4.2,10.2,16.5,3,18,34,44,21,74,45,128,13.5,-1,7.8,40,1,62,y-combinator,2012,2014,5,747,500000
blogfoster,130,133,293,2,2,4,5,0,12,0,0,0,13,0,23,3,-2,8,13,0,17,axel-springer-plug-and-play-accelerator,2013,2013,1,25,33793
edyn,104,208,256,0,0,0,4,0,8,0,0,0,8,3,2,4,0,8,8,3,1,orange-fab-2,2013,2014,2,20,970000
lendfriend,26,71,30,0,1,17,7,0,25,0,2,9,2,9,0,7,-1,8,2,7,0,angelpad,2010,2011,1,98,0
morphcard,2,59,83,0,0,1,2,0,9,0,0,1,7,5,9,2,0,8,7,5,9,10xelerator,2012,2012,1,19,20000
launchpad-toys,841,1014,227,0,1,2,4,6,10,0,1,2,6,1,10,4,5,8,6,0,9,y-combinator,2010,2011,1,747,1117000
relink-group-as,15,28,41,3.5,1.5,5.5,13.5,10,14,1,2,5,6,10,1,10,8,8.5,5,8,1,alchemist-accelerator,2013,2013,2,90,1140000
freedcamp,27,44,54,0,0,2.5,2,1,11,2,1,12,4,4,11,2,1,8.5,2,3,11,alchemist-accelerator,2011,2014,2,90,224000
yoolotto,46,537,972,0,0,0,6,1,9,0,0,0,3,5,17,6,1,9,3,5,16,tech-wildcatters,2008,2012,1,26,1077500
expensebot,2551,2777,1126,0,0,0,12,3,9,0,0,2,14,10,5,12,3,9,14,10,-3,techstars,2013,2013,1,489,1051000
ecovent,5032,5069,1750,2.333333333,0.333333333,5.333333333,21,5,14.33333333,8,17,26,137,21,57,18.66666667,4,9,129,4,-79,techstars,2012,2014,3,489,2805000
chownow,75,261,371,0.5,1,2.5,7,6,12,7,8,119,4,8,26,6.5,5,9.5,-3,0,23,launchpadla,2012,2012,2,26,7658591
eventyard,6,45,183,1,4,24,12,15,34,2,5,15,13,5,27,11,11,10,11,0,14,eleven,2012,2012,2,51,161146
builderscloud,1388,1546,672,5.5,0,31.5,19,3,42,3,2,28,2,6,1,13.5,3,10.5,-1,4,1,techstars,2012,2013,2,489,1100000
eventjoy,5696,6437,924,1,0,2.5,29,4,13,9,4,19,6,10,8,28,4,10.5,-3,6,7,y-combinator,2014,2014,2,747,0
equityzen,6062,5981,412,20.25,4.75,25,45.5,12,35.5,23,12,15,62,21,49,25.25,8,10.5,39,9,-11,500-startups,2013,2014,4,267,0
hublished,5,6,16,1,0.2,5.2,13,5,16,1,1,4,31,6,42,12,5,10.8,30,5,16,nyc-seedstart,2012,2013,7,21,150000
hobzy,163,898,1187,10,4,48,24,2,59,0,0,0,5,3,1,14,-2,11,5,3,1,oxygen-accelerator,2011,2013,1,24,387715
bop-fm,5330,6121,891,6,8,39,26,5,50,10,14,63,31,14,93,20,-3,11,21,0,63,y-combinator,2013,2013,2,747,2000000
move-loot,9245,9325,1181,0,0,0,16,2,11,19,11,42,122,17,197,16,2,11,103,6,79,y-combinator,2013,2014,3,747,11800000
adapt-ly,28,114,193,0,0.4,14.6,4,1,25.66666667,0,0,12,3,1,0,4,1,11.06666667,3,1,0,dreamit-ventures,2010,2010,11,139,13200000
tanaza,688,1195,392,5,2.333333333,25.66666667,16,4,37,4,0,8,13,0,82,11,1,11.33333333,9,0,73,seedcamp,2010,2014,3,118,0
trendkite,259,1147,1166,0,0,2,8,6,13.5,0,0,0,9,0,9,8,6,11.5,9,0,5,dreamit-ventures,2012,2013,2,139,9400000
brickflow,9,71,139,0,1,7,8.5,12,19,1,15,40,18,30,42,8.5,11,12,17,15,31,startup-wise-guys,2013,2012,3,24,385000
buzztale,349,721,281,8,6.5,33.5,64.33333333,100,45.66666667,65,39,134,2,39,6,56.33333333,94,12.16666667,-63,0,6,seedcamp,2013,2013,3,118,0
click-with-me-now,0,34,249,0,0,3,3,5,15.5,0,0,0,11,4,33,3,5,12.5,11,4,27,capital-innovators,2011,2012,2,40,3800000
easypost,3686,4400,651,1.5,2.5,18.5,17,2,31,1,0,12,2,0,19,15.5,-1,12.5,1,0,19,y-combinator,2012,2013,2,747,3100000
meograph,132,355,1217,7,3.5,17,46,49,30,0,0,1,6,0,0,39,46,13,6,0,0,media-camp,2012,2013,3,16,20000
lytics,145,574,858,0,0,2,9,0,15,2,1,9,4,4,0,9,0,13,2,3,0,pie,2012,2012,2,30,9300000
quartzy,1440,1818,313,0,0,4,3,0,17,2,11,55,1,20,0,3,0,13,-1,9,0,y-combinator,2009,2012,4,747,5200000
alltrails-com,2,7,1,0,1.25,14.5,3.333333333,2,27.66666667,0,0,1,4,6,1,3.333333333,0,13.16666667,4,6,1,angelpad,2010,2010,4,98,2879987
cuethink,0,0,10,0,1,51,4,4,65,0,0,0,3,6,11,4,3,14,3,6,8,learnlaunchx,2012,2013,1,14,168000
sponsia,34,110,292,0,0,0,22,6,14,0,0,0,28,0,14,22,6,14,28,0,-6,eleven,2012,2013,2,51,65656
boosted-boards,2135,2789,430,0,0,0,10,2,14,0,0,4,23,9,18,10,2,14,23,9,-2,y-combinator,2011,2012,1,747,0
estimote,3005,3706,538,23.4,18.6,38,145,53,52,0,0,0,46,22,28,121.6,34,14,46,22,-10,y-combinator,2012,2013,5,747,3400000
zyncd,1480,3490,756,1,5,7,16,9,21,2,5,3,115,13,152,15,4,14,113,8,43,wayra,2014,2014,1,48,198493
droplr,326,834,1081,11.5,5,36.5,22.5,3,51,14,23,49,20,23,18,11,-3,14.5,6,0,4,pie,2013,2013,2,30,738516
zenguard,38,27,57,0,0,0,17,6,15,0,0,0,46,6,60,17,6,15,46,6,16,axel-springer-plug-and-play-accelerator,2013,2013,1,25,3265007
medicast,2564,2814,1133,6.5,5.5,22.5,45,17,37.5,24,23,32,86,27,76,38.5,12,15,62,4,-6,techstars,2013,2013,3,489,1940000
metwit,163,347,319,1,8,25,6,6,40.5,6,27,328,12,29,49,5,-2,15.5,6,2,42,seedstartup,2012,2012,2,7,25000
airpair,5696,6437,924,11.2,6.6,33.6,29.33333333,17,49.66666667,0,0,0,412,0,326,18.13333333,10,16.06666667,412,0,-85,y-combinator,2013,2014,5,747,0
unioncy,34,110,292,0,0,0,9.5,4,16.5,0,0,0,5,3,33,9.5,4,16.5,5,3,29,eleven,2013,2013,2,51,226331
mattermark,2443,3043,480,5.666666667,3,17.33333333,16.66666667,7,33.83333333,0,0,0,128,0,132,11,4,16.5,128,0,6,y-combinator,2013,2012,9,747,9900000
bloomnation,113,281,179,0,0,1,7,8,18,0,1,16,17,6,25,7,8,17,17,5,12,muckercapital,2010,2013,1,27,7150000
wallaby-financial,36,185,134,0.666666667,0,23,11.66666667,10,40,2,4,18,14,14,55,11,10,17,12,10,45,muckercapital,2012,2012,3,27,1100000
woopie,19,96,50,9.5,23.5,37.5,20,12,55,2,6,10,12,5,38,10.5,-12,17.5,10,-1,32,matter-ventures,2011,2012,2,13,150242
clever,1868,2524,382,0,0,4.333333333,11,17,23,0,0,4,30,0,69,11,17,18.66666667,30,0,42,y-combinator,2012,2012,6,747,31022604
plangrid,1860,2512,378,15,25,161,37,70,180,4,0,5,9,31,11,22,45,19,5,31,6,y-combinator,2012,2012,1,747,1100000
scoutzie,2222,2858,441,0,0,0,9,2,19,63,66,193,32,69,64,9,2,19,-31,3,36,y-combinator,2012,2012,1,747,0
wizpert,25,115,144,0,0,0,6,15,20,0,0,1,5,0,11,6,15,20,5,0,11,er-accelerator,2012,2012,1,20,25000
mindsnacks,35,167,248,9,20,29,17,13,49.33333333,1,5,11,5,9,62,8,-7,20.33333333,4,4,57,dreamit-ventures,2010,2011,7,139,7700000
paintzen,102,304,81,0,0,1,9,3,22,35,16,153,25,21,52,9,3,21,-10,5,32,angelpad,2013,2013,2,98,2025000
babbaco,19,177,64,0,0,0,2,2,22,0,4,29,7,6,108,2,2,22,7,2,107,excelerate-labs-2,2008,2011,2,30,4525000
scalegrid,53,204,58,0,0,0,18,2,22,0,0,1,3,3,0,18,2,22,3,3,0,angelpad,2012,2012,1,98,0
codacy,223,469,224,3,4,11,29,19,33,2,2,5,27,17,44,26,15,22,25,15,22,seedcamp,2012,2013,2,118,500000
triptrotting,3,5,91,0,0,0,3,1,23,0,0,0,4,5,98,3,1,23,4,5,97,launchpadla,2011,2010,1,26,2100000
moxie-jean,139,714,379,1.5,4.5,47.5,12,15,70.5,0,4,15,12,9,46,10.5,10,23,12,5,41,excelerate-labs-2,2011,2012,2,30,1885539
time-to-cater,66,329,767,0,0,3,6,3,26,0,0,0,4,7,6,6,3,23,4,7,2,capital-innovators,2011,2013,1,40,152500
caserails,9,10,21,0,0,2,11,2,25,0,0,0,12,2,38,11,2,23,12,2,29,nyc-seedstart,2013,2013,1,21,570000
orat-io,467,342,574,12.5,3.5,30,31,6,53,1,2,2,8,9,0,18.5,3,23,7,7,0,axel-springer-plug-and-play-accelerator,2014,2014,2,25,34623
take-the-interview,73,311,381,1,2,17.5,10,10,41,0,0,0,9,6,88,9,8,23.5,9,6,86,dreamit-ventures,2012,2011,2,139,6121763
plumzi,132,355,1217,8,2,80,22,11,104,0,0,0,8,6,1,14,9,24,8,6,1,media-camp,2013,2013,1,16,0
vibease-inc,56,173,335,0,0,8,11,8,32,0,0,1,8,0,1,11,8,24,8,0,1,haxlr8r,2011,2012,3,39,111000
munch-on-me-inc,1061,1238,247,0,0,0,7,2,24,0,13,68,8,13,0,7,2,24,8,0,0,y-combinator,2011,2011,3,747,0
science-exchange,1014,1165,236,0,0,14.5,9.5,13,38.5,0,0,0,20,14,36,9.5,13,24,20,14,22,y-combinator,2011,2011,2,747,5500000
skurun,0,1,3,2,1,15,11,0,40,1,2,4,6,7,5,9,-1,25,5,5,4,alchemist-accelerator,2012,2013,1,90,28000
down,135,207,276,0,0,0,17,9,25,5,8,26,95,14,158,17,9,25,90,6,68,boostfunder,2013,2013,1,68,1000000
anyperk,1776,2357,364,10,8.333333333,51.66666667,34,25,78.33333333,1,16,94,52,23,430,24,17,26.66666667,51,7,383,y-combinator,2012,2012,3,747,14350000
sickweather,4267,4539,1646,0,0,0,41,8,27,2,6,18,49,13,61,41,8,27,47,7,20,techstars,2011,2014,1,489,470000
stand-in,326,834,1080,0,0,8,46,8,35,8,11,64,3,25,0,46,8,27,-5,14,0,pie,2013,2013,1,30,118000
talespring,1,31,29,0,1,7,2,6,35,0,1,7,8,10,35,2,5,28,8,9,34,boomstartup,2010,2010,1,28,0
mopub,2,7,1,0,1,1,3,3,29.5,0,0,0,9,0,38,3,2,28.5,9,0,34,angelpad,2010,2010,3,98,6500000
mentor-me,37,351,536,5,3,19,29,30,48,14,70,96,6,81,4,24,27,29,-8,11,3,seed-hatchery,2012,2013,1,18,175000
upverter,3882,4626,682,2.5,7,10,34,16,40,4,11,11,33,18,10,31.5,9,30,29,7,-15,y-combinator,2010,2013,3,747,4378571
trinket,213,558,342,7,7,32,40,15,62,5,4,3,128,4,78,33,8,30,123,0,-44,imagine-k12,2013,2013,2,66,425000
tuition-io,112,342,413,0,0,1,2,2,32,1,2,18,13,2,69,2,2,31,12,0,58,launchpadla,2011,2013,2,26,1900000
boosterville,38,354,539,7.5,0.5,31.5,40,15,63,0,0,3,14,0,12,32.5,15,31.5,14,0,1,seed-hatchery,2013,2013,2,18,0
cozy,14,51,31,1,5,36,38,27,68,0,1,2,14,20,48,37,22,32,14,19,38,i-o-ventures,2012,2012,2,16,6500000
one-month-rails,3444,4122,609,30,21.66666667,67.33333333,141,45,99.33333333,0,0,0,56,13,124,111,24,32,56,13,72,y-combinator,2013,2013,3,747,784000
wikisway,11,117,135,1,0,21,17,10,56,0,1,2,1,1,0,16,10,35,1,0,0,portland-seed-fund,2011,2012,3,23,140000
ubiome,2718,3335,492,0,0,0,118,130,35,0,0,1,22,0,45,118,130,35,22,0,25,y-combinator,2013,2012,2,747,4971193
edumoko,231,314,631,10.5,2.5,45,17,8,80,5,1,30,7,1,0,6.5,6,35,2,0,0,startup-wise-guys,2013,2013,3,24,0
shortlist,60,369,189,2,3,21,5,9,57,0,2,2,6,15,18,3,6,36,6,13,18,excelerate-labs-2,2011,2011,1,30,310000
lifecrowd,23,120,90,2.666666667,5.333333333,37.66666667,39,75,74.75,1,24,191,3,68,3,36.33333333,70,37.08333333,2,44,3,muckercapital,2011,2012,4,27,5000000
piggybackr,62,230,62,1.333333333,1,14.33333333,42,11,52,2,1,5,41,9,77,40.66666667,10,37.66666667,39,8,44,angelpad,2011,2013,3,98,325000
tripl,48,220,293,0,0,0,0,3,39,0,0,6,2,4,52,0,3,39,2,4,52,dreamit-ventures,2011,2011,2,139,900000
medigram,1475,1855,319,0,0,0,6,3,40,0,0,0,13,4,7,6,3,40,13,4,2,y-combinator,2011,2012,1,747,0
theshelf,62,230,62,6.5,20.5,52,35,22,92.5,0,0,0,8,1,19,28.5,2,40.5,8,1,12,angelpad,2012,2013,3,98,0
getmerated,49,212,146,0,1,5,19,6,47,24,6,91,15,12,71,19,5,42,-9,6,59,muckercapital,2012,2013,1,27,0
pathful,425,549,238,6,2.5,24.5,13,2,67,0,0,0,9,7,7,7,-1,42.5,9,7,5,techstars,2012,2013,2,489,400000
parse,1072,1245,249,0.333333333,6.333333333,41.66666667,15.25,11,84.75,0,2,12,20,2,17,14.91666667,5,43.08333333,20,0,3,y-combinator,2011,2011,4,747,7000000
ark,1194,1420,273,6.666666667,9.333333333,58.66666667,28.5,42,102.5,0,4,35,1,23,3,21.83333333,33,43.83333333,1,19,3,y-combinator,2011,2011,3,747,5250000
roobi,62,230,62,0,0,0,19.5,7,44.5,0,0,1,4,7,0,19.5,7,44.5,4,7,0,angelpad,2013,2013,3,98,0
adespresso,2109,2087,138,7,3,21,37,16,66,18,8,53,293,13,52,30,13,45,275,5,-234,500-startups,2011,2013,2,267,1800000
educreations,3,5,2,2,10,31,4,5,77,0,1,12,19,1,80,2,-5,46,19,0,67,imagine-k12,2011,2011,1,66,2200000
tutorspree,1219,1481,277,2.5,8.5,61,16.5,30,107,0,1,23,5,18,11,14,21,46,5,17,11,y-combinator,2010,2011,2,747,1800000
kicksend,1194,1420,273,3.666666667,5.333333333,25.33333333,25.33333334,26,71.66666667,1,9,6,5,9,9,21.66666667,20,46.33333333,4,0,9,y-combinator,2011,2011,3,747,2800000
connectifier,63,234,331,14,13.66666667,22.33333333,86,55,70,0,6,4,1,27,0,72,41,47.66666667,1,21,0,launchpadla,2012,2012,3,26,5200000
genjuice,0,0,5,3,8,92,11,26,140,2,11,41,2,22,0,8,18,48,0,11,0,nyc-seedstart,2010,2011,3,21,0
reelsurfer,2391,2971,468,0,1,14,12,5,62,2,0,36,1,7,0,12,4,48,-1,7,0,y-combinator,2008,2012,1,747,880000
adsnative,5133,5129,1766,5.666666667,1,52.33333333,25,3,100.5,0,0,0,67,6,66,19.33333333,2,48.16666667,67,6,-1,techstars,2013,2014,8,489,2000000
povio,8696,8855,1142,29.5,16.5,19,15.5,81,68.5,12,2,44,0,2,1,-14,64,49.5,-12,0,1,y-combinator,2013,2014,4,747,75000
the-lean-startup-machine,4664,5502,830,79,60,57.5,247.5,132,108.5,15,12,2,255,57,19,168.5,72,51,240,45,-231,y-combinator,2010,2013,2,747,0
hypejar,29,122,204,0.5,1,9,13,5,60.5,0,2,16,9,2,23,12.5,4,51.5,9,0,17,jolt,2013,2013,3,17,30015
pongr,20,3,28,3,3,31,15,21,83,0,0,0,5,19,69,12,18,52,5,19,69,fbfund,2008,2010,1,45,25000
storefront,96,300,80,2,0,4,58.5,18,56,0,0,0,567,0,516,56.5,18,52,567,0,-46,angelpad,2012,2013,2,98,1600000
chromaom,22,31,15,0,0,1,1,3,54,0,0,0,0,2,1,1,3,53,0,2,1,y-combinator,2010,2010,1,747,0
tellfi,767,944,212,1,3,36,9,11,92,0,4,4,2,10,1,8,8,56,2,6,1,y-combinator,2010,2011,2,747,0
terravion,5696,6437,924,0,0,0,28,7,58,0,0,0,5,7,3,28,7,58,5,7,0,y-combinator,2013,2014,1,747,0
likewhere,87,173,255,2,1,14,31.5,6,72,1,2,9,11,2,71,29.5,5,58,10,0,65,propeller-venture-accelerator,2012,2013,2,19,45500
accredible,163,455,286,9,19.33333333,21,105,80,80,11,16,112,9,39,2,96,61,59,-2,23,1,imagine-k12,2013,2013,3,66,150000
tracelytics,11,92,138,2,1,14.5,3,0,75,0,1,2,10,1,23,1,-1,60.5,10,0,20,betaspring,2010,2011,3,71,5800000
zerocater,1109,1278,255,0,0,9,6,7,70,0,6,2,6,9,48,6,7,61,6,3,43,y-combinator,2009,2011,1,747,1500000
aerofs,190,243,91,1,2,21,2,4,85,0,0,1,7,3,28,1,2,64,7,3,28,y-combinator,2010,2010,2,747,5500000
etacts,84,109,46,0,0,13,7,10,77,0,0,8,6,9,0,7,10,64,6,9,0,y-combinator,2010,2010,1,747,740000
zazzy,2582,2400,2304,3,4,7,41,8,71,45,20,57,24,27,15,38,4,64,-21,7,-1,rockstart-acclerator,2013,2014,1,39,0
kaymbu,295,675,414,0,0,0,20,21,67,0,0,0,22,9,67,20,21,67,22,9,49,imagine-k12,2012,2014,1,66,0
spacefinity,304,1903,1604,11,2.5,39.5,149.5,66,109,8,20,40,3,55,0,138.5,63,69.5,-5,35,0,alphalab,2013,2013,2,66,25000
ideastring,0,10,1,1,8,50,9,19,124,0,1,1,6,1,4,8,11,74,6,0,4,flashpoint-at-georgia-tech,2011,2011,2,38,0
knowre,4,15,166,0,0,1,7,7,77,0,0,0,4,4,3,7,7,76,4,4,3,sparklabs,2012,2012,4,16,8600000
sportmeets,5,15,35,0,2,46,2,5,123,0,1,5,3,1,8,2,3,77,3,0,8,openfund,2010,2010,1,8,0
adfreeq,26,251,638,0.333333333,0,3,32.66666666,4,84.33333333,0,0,3,7,0,31,32.33333333,4,81.33333333,7,0,26,capital-innovators,2011,2012,6,40,328000
userfox,1219,1481,277,0,0,4,13,6,86,0,0,0,8,3,4,13,6,82,8,3,3,y-combinator,2011,2012,2,747,700000
geddit,295,675,414,1,0,3,39,2,88,3,0,5,2,11,2,38,2,85,-1,11,1,imagine-k12,2012,2014,1,66,0
rocki,2714,2978,1217,0,0,0,120,30,87,55,144,328,75,155,40,120,30,87,20,11,-30,techstars,2013,2013,1,489,633000
postling,0,0,107,1,0,36,14,5,123.5,0,0,12,25,11,136,13,5,87.5,25,11,119,dreamit-ventures,2009,2009,2,139,700000
threadable,5696,6437,924,11,4,38,148.3333333,153,125.6666667,0,0,0,8,0,6,137.3333333,149,87.66666667,8,0,0,y-combinator,2009,2014,4,747,0
karmakey,1,31,16,0,0,0,4,0,88,0,0,0,4,1,56,4,0,88,4,1,56,boomstartup,2010,2010,2,28,15000
blottr,309,1379,1763,12,103,45,92,105,133,17,290,289,8,290,0,80,2,88,-9,0,0,springboard,2010,2013,2,32,769035
goshi,19,177,64,0,0,0,4,15,89,0,0,6,3,15,0,4,15,89,3,15,0,excelerate-labs-2,2010,2011,1,30,75000
change-collective,3217,3613,1376,5,1,8.666666667,58.33333333,6,104,0,0,0,24,3,42,53.33333333,5,95.33333333,24,3,24,techstars,2014,2014,4,489,1400000
earbits,1026,1189,239,0,0,4,12,38,100,0,0,0,21,27,190,12,38,96,21,27,176,y-combinator,2010,2011,2,747,630000
chromatik,96,304,400,3,8,22,36.5,17,118,1,0,2,7,13,0,33.5,9,96,6,13,0,launchpadla,2010,2012,2,26,7700000
urx,3619,4352,639,58.6,45,106.6,302.5,144,207,0,0,0,14,0,17,243.9,99,100.4,14,0,6,y-combinator,2013,2013,7,747,15100000
publicstuff,5,28,67,0,1,6,22,23,110,0,0,2,9,8,101,22,22,104,9,8,98,er-accelerator,2009,2011,2,20,6552136
buildzoom,2732,3354,494,0,0,0,11,5,106,0,0,5,1,0,0,11,5,106,1,0,0,y-combinator,2012,2012,2,747,3563000
switchboard,326,834,1080,7,3,22,175,57,128.5,10,4,42,98,4,114,168,54,106.5,88,0,18,pie,2012,2013,2,30,1120000
launchgram,3,65,90,0,0,0,27.5,14,113.5,0,0,0,12,0,87,27.5,14,113.5,12,0,79,10xelerator,2012,2012,2,19,70000
cloudmine,79,328,408,0,1,17,9.5,29,138,0,11,5,8,22,71,9.5,28,121,8,11,66,dreamit-ventures,2011,2011,4,139,9863378
amicus,1331,1692,296,0,0,0,60,130,125,6,21,53,12,86,12,60,130,125,6,65,7,y-combinator,2011,2012,1,747,3780000
bufferbox,4270,5578,860,0,14,122,60,38,248,2,14,56,13,14,34,60,24,126,11,0,26,y-combinator,2011,2012,1,747,1000000
bufferbox,4270,5578,860,0,14,122,60,38,248,2,14,56,11,25,34,60,24,126,9,11,26,y-combinator,2011,2012,1,747,1000000
subblime,49,212,146,1,0,4,119,77,137,0,0,0,124,32,137,118,77,133,124,32,21,muckercapital,2012,2013,2,27,700000
thinkcerca,17,151,207,7,9,35,38,42,169,0,0,2,4,0,4,31,33,134,4,0,3,the-impact-engine,2012,2012,1,8,4700000
movity-com,443,482,138,0,0,0,15,19,148,2,2,15,6,10,0,15,19,148,4,8,0,y-combinator,2009,2010,1,747,1300000
inaa-com-ltd,87,390,1241,0,0,0,37,23,163,0,0,0,41,21,163,37,23,163,41,21,128,startuphighway,2010,2013,1,14,0
tellagence,3,68,100,0,0,0,46,32,212,0,0,0,10,18,12,46,32,212,10,18,3,portland-seed-fund,2012,2012,1,23,25000
sourceasy,10100,9959,669,9,2,17,206.5,50,425,8,14,14,6,14,4,197.5,48,408,-2,0,4,500-startups,2013,2014,2,267,1778000